Mutant ID,Munatnt Operator,Reference,Explanation,BugID,Bug identification,Patch
no,no,no,"Multi-line edits and complex structural changes. The patch has 33 changed lines, so it is not considered repairable by simple mutation operators under the >4-line rule.",bid1,Bower,"diff --git a/lib/core/PackageRepository.js b/lib/core/PackageRepository.js
index 902889d..39018ee 100644
--- a/lib/core/PackageRepository.js
+++ b/lib/core/PackageRepository.js
@@ -46,7 +46,11 @@ PackageRepository.prototype.fetch = function (decEndpoint) {
         info.resolver = resolver;
         isTargetable = resolver.constructor.isTargetable;
 
-        // If force flag is used, bypass cache
+        if (resolver.isNotCacheable()) {
+            return that._resolve(resolver, logger);
+        }
+
+        // If force flag is used, bypass cache, but write to cache anyway
         if (that._config.force) {
             logger.action('resolve', resolver.getSource() + '#' + resolver.getTarget());
             return that._resolve(resolver, logger);
@@ -171,12 +175,11 @@ PackageRepository.prototype._resolve = function (resolver, logger) {
     return resolver.resolve()
     // Store in the cache
     .then(function (canonicalDir) {
-        // We don't want to cache moving targets like branches
-        if (resolver._resolution && resolver._resolution.type === 'branch') {
+        if (resolver.isNotCacheable()) {
             return canonicalDir;
-        } else {
-            return that._resolveCache.store(canonicalDir, resolver.getPkgMeta());
         }
+
+        return that._resolveCache.store(canonicalDir, resolver.getPkgMeta());
     })
     // Resolve promise with canonical dir and package meta
     .then(function (dir) {
diff --git a/lib/core/resolvers/Resolver.js b/lib/core/resolvers/Resolver.js
index f5dc476..4fa2072 100644
--- a/lib/core/resolvers/Resolver.js
+++ b/lib/core/resolvers/Resolver.js
@@ -114,6 +114,26 @@ Resolver.prototype.resolve = function () {
     });
 };
 
+Resolver.prototype.isNotCacheable = function () {
+    // Bypass cache for local dependencies
+    if (this._source &&
+        /^(?:file:[\/\\]{2})?\.?\.?[\/\\]/.test(this._source)
+    ) {
+        return true;
+    }
+
+    // We don't want to cache moving targets like branches
+    if (this._pkgMeta &&
+        this._pkgMeta._resolution &&
+        this._pkgMeta._resolution.type === 'branch')
+    {
+        return true;
+    }
+
+    return false;
+};
+
+
 // -----------------
 
 // Abstract functions that must be implemented by concrete resolvers
"
no,no,no,"Multi-line edits and complex structural changes. The patch has 14 changed lines, so it is not considered repairable by simple mutation operators under the >4-line rule.",bid2,Bower,"diff --git a/lib/core/Project.js b/lib/core/Project.js
index 3779819..895d9a4 100644
--- a/lib/core/Project.js
+++ b/lib/core/Project.js
@@ -86,7 +86,7 @@ Project.prototype.install = function (decEndpoints, options, config) {
     })
     .then(function (installed) {
         // Handle save and saveDev options
-        if (that._options.save || that._options.saveDev) {
+        if (that._options.save || that._options.saveDev || that._options.saveExact) {
             // Cycle through the specified endpoints
             decEndpoints.forEach(function (decEndpoint) {
                 var jsonEndpoint;
@@ -94,15 +94,17 @@ Project.prototype.install = function (decEndpoints, options, config) {
                 jsonEndpoint = endpointParser.decomposed2json(decEndpoint);
 
                 if (that._options.saveExact) {
-                    jsonEndpoint[decEndpoint.name] = decEndpoint.pkgMeta.version;
-                }
-
-                if (that._options.save) {
-                    that._json.dependencies = mout.object.mixIn(that._json.dependencies || {}, jsonEndpoint);
+                    if (decEndpoint.name !== decEndpoint.source) {
+                        jsonEndpoint[decEndpoint.name] = decEndpoint.source + '#' + decEndpoint.pkgMeta.version;
+                    } else {
+                        jsonEndpoint[decEndpoint.name] = decEndpoint.pkgMeta.version;
+                    }
                 }
 
                 if (that._options.saveDev) {
                     that._json.devDependencies = mout.object.mixIn(that._json.devDependencies || {}, jsonEndpoint);
+                } else {
+                    that._json.dependencies = mout.object.mixIn(that._json.dependencies || {}, jsonEndpoint);
                 }
             });
         }
"
Method Call Replacement (MCR),MCR[],PIT and Major,"The patch replaces or removes a method/function call. Therefore, it corresponds to Method Call Replacement / Removal.",bid3,Bower,"diff --git a/lib/core/scripts.js b/lib/core/scripts.js
index 94be8ff..23499d2 100644
--- a/lib/core/scripts.js
+++ b/lib/core/scripts.js
@@ -83,7 +83,8 @@ var hook = function (action, ordered, config, logger, packages, installed, json)
     }
 
     var orderedPackages = ordered ? orderByDependencies(packages, installed, json) : mout.object.keys(packages);
-    var cmdString = mout.string.replace(config.scripts[action], '%', orderedPackages.join(' '));
+    var placeholder = new RegExp('%', 'g');
+    var cmdString = mout.string.replace(config.scripts[action], placeholder, orderedPackages.join(' '));
     return run(cmdString, action, logger, config);
 };
 
"
Modification of Condition Statement (MOCS),MOCS[],PIT and Major,Condition statement expression was modified,bid4,Eslint,"diff --git a/lib/rules/no-obj-calls.js b/lib/rules/no-obj-calls.js
index bd9b6ee4..617459c4 100644
--- a/lib/rules/no-obj-calls.js
+++ b/lib/rules/no-obj-calls.js
@@ -28,7 +28,7 @@ module.exports = {
                 if (node.callee.type === ""Identifier"") {
                     const name = node.callee.name;
 
-                    if (name === ""Math"" || name === ""JSON"") {
+                    if (name === ""Math"" || name === ""JSON"" || name === ""Reflect"") {
                         context.report(node, ""'{{name}}' is not a function."", { name });
                     }
                 }
"
no,no,no,"Multi-line edits and complex structural changes. The patch has 13 changed lines, so it is not considered repairable by simple mutation operators under the >4-line rule.",bid5,Eslint,"diff --git a/lib/rules/indent.js b/lib/rules/indent.js
index 5b8d5e32..2a30e911 100644
--- a/lib/rules/indent.js
+++ b/lib/rules/indent.js
@@ -238,6 +238,19 @@ module.exports = function(context) {
             indent = getNodeIndent(calleeNode);
         }
 
+        // If part of a multi-line chain call, indent one more to differentiate:
+        // var a = new P()
+        //     .done(function (result) {
+        //         doUsefulStuff(result);
+        //     });
+        var calleeLoc = calleeNode.type === ""CallExpression"" && calleeNode.callee.loc;
+        if (calleeLoc &&
+            calleeNode.loc.start.line < calleeLoc.end.line &&
+            calleeLoc.end.line < node.loc.start.line
+        ) {
+            indent += indentSize;
+        }
+
         indent += indentSize;
         // If function content is not empty
         if (node.body.length > 0) {
"
"Condition insertion[], Modification of Return Value","CI[],MRV[]",PIT and Major,"Multi-line edits and complex structural changes. The patch has 5 changed lines, so it is not considered repairable by simple mutation operators under the >4-line rule.",bid6,Eslint,"diff --git a/lib/rules/prefer-template.js b/lib/rules/prefer-template.js
index b86f21d5..6b9fb4c4 100644
--- a/lib/rules/prefer-template.js
+++ b/lib/rules/prefer-template.js
@@ -31,7 +31,10 @@ function hasNonLiteral(node) {
     if (node.type === ""BinaryExpression"") {
         return hasNonLiteral(node.left) || hasNonLiteral(node.right);
     }
-    return node.type !== ""Literal"";
+    if (node.type === ""UnaryExpression"") {
+        return hasNonLiteral(node.argument);
+    }
+    return node.type !== ""Literal"" && node.type !== ""TemplateLiteral"";
 }
 
 //------------------------------------------------------------------------------
"
Condition insertion,CI[],PIT and Major,"Multi-line edits and complex structural changes. The patch has 5 changed lines, so it is not considered repairable by simple mutation operators under the >4-line rule.",bid7,Eslint,"diff --git a/lib/rules/no-dupe-keys.js b/lib/rules/no-dupe-keys.js
index 75b233b5..f34c323f 100644
--- a/lib/rules/no-dupe-keys.js
+++ b/lib/rules/no-dupe-keys.js
@@ -107,6 +107,11 @@ module.exports = {
             Property(node) {
                 const name = astUtils.getStaticPropertyName(node);
 
+                // Skip destructuring.
+                if (node.parent.type !== ""ObjectExpression"") {
+                    return;
+                }
+
                 // Skip if the name is not static.
                 if (!name) {
                     return;
"
no,no,no,"Multi-line edits and complex structural changes. The patch has 13 changed lines, so it is not considered repairable by simple mutation operators under the >4-line rule.",bid8,Eslint,"diff --git a/lib/rules/indent.js b/lib/rules/indent.js
index e0ad2005..7e60a8d0 100644
--- a/lib/rules/indent.js
+++ b/lib/rules/indent.js
@@ -255,20 +255,18 @@ module.exports = {
          * @param {int} lastNodeCheckEndOffset Number of charecters to skip from the end
          * @returns {void}
          */
-        function report(node, needed, gottenSpaces, gottenTabs, loc, isLastNodeCheck, lastNodeCheckEndOffset) {
+        function report(node, needed, gottenSpaces, gottenTabs, loc, isLastNodeCheck) {
             if (gottenSpaces && gottenTabs) {
 
                 // To avoid conflicts with `no-mixed-spaces-and-tabs`, don't report lines that have both spaces and tabs.
                 return;
             }
 
-            lastNodeCheckEndOffset = lastNodeCheckEndOffset || 0;
-
             const desiredIndent = (indentType === ""space"" ? "" "" : ""\t"").repeat(needed);
 
             const textRange = isLastNodeCheck
-                ? [node.range[1] - gottenSpaces - gottenTabs - 1 - lastNodeCheckEndOffset, node.range[1] - 1 - lastNodeCheckEndOffset]
-                : [node.range[0] - gottenSpaces - gottenTabs, node.range[0]];
+                ? [node.range[1] - node.loc.end.column, node.range[1] - node.loc.end.column + gottenSpaces + gottenTabs]
+                : [node.range[0] - node.loc.start.column, node.range[0] - node.loc.start.column + gottenSpaces + gottenTabs];
 
             context.report({
                 node,
@@ -406,13 +404,11 @@ module.exports = {
          */
         function checkLastReturnStatementLineIndent(node, firstLineIndent) {
             const nodeLastToken = sourceCode.getLastToken(node);
-            let lastNodeCheckEndOffset = 0;
             let lastToken = nodeLastToken;
 
             // in case if return statement ends with ');' we have traverse back to ')'
             // otherwise we'll measure indent for ';' and replace ')'
             while (lastToken.value !== "")"") {
-                lastNodeCheckEndOffset++;
                 lastToken = sourceCode.getTokenBefore(lastToken);
             }
 
@@ -433,8 +429,7 @@ module.exports = {
                     endIndent.space,
                     endIndent.tab,
                     { line: lastToken.loc.start.line, column: lastToken.loc.start.column },
-                    true,
-                    lastNodeCheckEndOffset
+                    true
                 );
             }
         }
"
"Modification condition statement, Method call replacement, Modification return Value","MOCS[],MCR[],MRV[]",PIT and Major,"Multi-line edits and complex structural changes. The patch has 16 changed lines, so it is not considered repairable by simple mutation operators under the >4-line rule.",bid9,Eslint,"diff --git a/lib/rules/arrow-spacing.js b/lib/rules/arrow-spacing.js
index fb2fbbfa..3bc90176 100644
--- a/lib/rules/arrow-spacing.js
+++ b/lib/rules/arrow-spacing.js
@@ -51,16 +51,18 @@ module.exports = {
          * @returns {Object} Tokens of arrow and before/after arrow.
          */
         function getTokens(node) {
-            let t = sourceCode.getFirstToken(node);
-            let before;
+            let arrow = sourceCode.getTokenBefore(node.body);
 
-            while (t.type !== ""Punctuator"" || t.value !== ""=>"") {
-                before = t;
-                t = sourceCode.getTokenAfter(t);
+            // skip '(' tokens.
+            while (arrow.value !== ""=>"") {
+                arrow = sourceCode.getTokenBefore(arrow);
             }
-            const after = sourceCode.getTokenAfter(t);
 
-            return { before, arrow: t, after };
+            return {
+                before: sourceCode.getTokenBefore(arrow),
+                arrow,
+                after: sourceCode.getTokenAfter(arrow)
+            };
         }
 
         /**
"
"Methodcall replacement, Condotion insertion, Modification of condition statement","MCR[],CI[],MOCS[]",PIT and Major,"Multi-line edits and complex structural changes. The patch has 7 changed lines, so it is not considered repairable by simple mutation operators under the >4-line rule.",bid10,Eslint,"diff --git a/lib/rules/comma-dangle.js b/lib/rules/comma-dangle.js
index 0ab85817..1c8f79ea 100644
--- a/lib/rules/comma-dangle.js
+++ b/lib/rules/comma-dangle.js
@@ -25,7 +25,7 @@ module.exports = function (context) {
     function checkForTrailingComma(node) {
         var items = node.properties || node.elements,
             length = items.length,
-            nodeIsMultiLine = node.loc.start.line !== node.loc.end.line,
+            lastTokenOnNewLine,
             lastItem,
             penultimateToken,
             hasDanglingComma;
@@ -39,9 +39,10 @@ module.exports = function (context) {
                 if (forbidDangle && hasDanglingComma) {
                     context.report(lastItem, penultimateToken.loc.start, UNEXPECTED_MESSAGE);
                 } else if (allowDangle === ""always-multiline"") {
-                    if (hasDanglingComma && !nodeIsMultiLine) {
+                    lastTokenOnNewLine = node.loc.end.line !== penultimateToken.loc.end.line;
+                    if (hasDanglingComma && !lastTokenOnNewLine) {
                         context.report(lastItem, penultimateToken.loc.start, UNEXPECTED_MESSAGE);
-                    } else if (!hasDanglingComma && nodeIsMultiLine) {
+                    } else if (!hasDanglingComma && lastTokenOnNewLine) {
                         context.report(lastItem, penultimateToken.loc.end, MISSING_MESSAGE);
                     }
                 } else if (allowDangle === ""always"" && !hasDanglingComma) {
"
Method Parameter Modification (MPM),MPM[],PIT and Major,"The patch modifies the argument list of an existing method/function call. Therefore, it corresponds to Method Parameter Modification.",bid11,Eslint,"diff --git a/lib/rules/no-useless-escape.js b/lib/rules/no-useless-escape.js
index df448cdb..7adefb64 100644
--- a/lib/rules/no-useless-escape.js
+++ b/lib/rules/no-useless-escape.js
@@ -24,7 +24,7 @@ function union(setA, setB) {
     }());
 }
 
-const VALID_STRING_ESCAPES = new Set(""\\nrvtbfux\n\r"");
+const VALID_STRING_ESCAPES = new Set(""\\nrvtbfux\n\r\u2028\u2029"");
 const REGEX_GENERAL_ESCAPES = new Set(""\\bcdDfnrsStvwWxu0123456789"");
 const REGEX_CHARCLASS_ESCAPES = union(REGEX_GENERAL_ESCAPES, new Set(""]""));
 const REGEX_NON_CHARCLASS_ESCAPES = union(REGEX_GENERAL_ESCAPES, new Set(""^/.$*+?[{}|()B""));
"
no,no,no,"Multi-line edits and complex structural changes. The patch has 23 changed lines, so it is not considered repairable by simple mutation operators under the >4-line rule.",bid12,Eslint,"diff --git a/lib/rules/max-len.js b/lib/rules/max-len.js
index b0fa9581..137d7913 100644
--- a/lib/rules/max-len.js
+++ b/lib/rules/max-len.js
@@ -321,21 +321,24 @@ module.exports = {
                 }
 
                 const lineLength = computeLineLength(line, tabWidth);
+                const commentLengthApplies = lineIsComment && maxCommentLength;
 
                 if (lineIsComment && ignoreComments) {
                     return;
                 }
 
-                if (lineIsComment && lineLength > maxCommentLength) {
-                    context.report({
-                        node,
-                        loc: { line: lineNumber, column: 0 },
-                        message: ""Line {{lineNumber}} exceeds the maximum comment line length of {{maxCommentLength}}."",
-                        data: {
-                            lineNumber: i + 1,
-                            maxCommentLength
-                        }
-                    });
+                if (commentLengthApplies) {
+                    if (lineLength > maxCommentLength) {
+                        context.report({
+                            node,
+                            loc: { line: lineNumber, column: 0 },
+                            message: ""Line {{lineNumber}} exceeds the maximum comment line length of {{maxCommentLength}}."",
+                            data: {
+                                lineNumber: i + 1,
+                                maxCommentLength
+                            }
+                        });
+                    }
                 } else if (lineLength > maxLength) {
                     context.report({
                         node,
"
no,no,no,"Multi-line edits and complex structural changes. The patch has 8 changed lines, so it is not considered repairable by simple mutation operators under the >4-line rule.",bid13,Eslint,"diff --git a/lib/config.js b/lib/config.js
index c69d120e..2db87d94 100644
--- a/lib/config.js
+++ b/lib/config.js
@@ -66,13 +66,14 @@ class Config {
         this.parser = options.parser;
         this.parserOptions = options.parserOptions || {};
 
+        this.configCache = new ConfigCache();
+
         this.baseConfig = options.baseConfig
             ? ConfigOps.merge({}, ConfigFile.loadObject(options.baseConfig, this))
             : { rules: {} };
         this.baseConfig.filePath = """";
         this.baseConfig.baseDirectory = this.options.cwd;
 
-        this.configCache = new ConfigCache();
         this.configCache.setConfig(this.baseConfig.filePath, this.baseConfig);
         this.configCache.setMergedVectorConfig(this.baseConfig.filePath, this.baseConfig);
 
diff --git a/lib/config/config-file.js b/lib/config/config-file.js
index 83252995..c9b6a432 100644
--- a/lib/config/config-file.js
+++ b/lib/config/config-file.js
@@ -560,11 +560,12 @@ function loadFromDisk(resolvedPath, configContext) {
 /**
  * Loads a config object, applying extends if present.
  * @param {Object} configObject a config object to load
+ * @param {Config} configContext Context for the config instance
  * @returns {Object} the config object with extends applied if present, or the passed config if not
  * @private
  */
-function loadObject(configObject) {
-    return configObject.extends ? applyExtends(configObject, """") : configObject;
+function loadObject(configObject, configContext) {
+    return configObject.extends ? applyExtends(configObject, configContext, """") : configObject;
 }
 
 /**
"
Constant Replacement (CR),CR[],PIT and Major,"The patch modifies a literal constant such as a number, boolean, null/undefined, or similar value. Therefore, it corresponds to Constant Replacement.",bid14,Eslint,"diff --git a/lib/rules/curly.js b/lib/rules/curly.js
index ba4dac34..801552d6 100644
--- a/lib/rules/curly.js
+++ b/lib/rules/curly.js
@@ -290,7 +290,9 @@ module.exports = {
                 }
             } else if (multiOrNest) {
                 if (hasBlock && body.body.length === 1 && isOneLiner(body.body[0])) {
-                    expected = false;
+                    const leadingComments = sourceCode.getComments(body.body[0]).leading;
+
+                    expected = leadingComments.length > 0;
                 } else if (!isOneLiner(body)) {
                     expected = true;
                 }
"
Statement Deletion (SD),SD[],PIT and Major,"The patch deletes a statement. Therefore, it corresponds to Statement Deletion.",bid15,Eslint,"diff --git a/lib/rules/indent.js b/lib/rules/indent.js
index 79a0f25c..acc52463 100644
--- a/lib/rules/indent.js
+++ b/lib/rules/indent.js
@@ -1043,7 +1043,6 @@ module.exports = {
                 offsets.ignoreToken(operator);
                 offsets.ignoreToken(tokenAfterOperator);
                 offsets.setDesiredOffset(tokenAfterOperator, operator, 0);
-                offsets.setDesiredOffsets([tokenAfterOperator.range[1], node.range[1]], tokenAfterOperator, 1);
             },
 
             ""BlockStatement, ClassBody""(node) {
"
no,no,no,"Multi-line edits and complex structural changes. The patch has 27 changed lines, so it is not considered repairable by simple mutation operators under the >4-line rule.",bid16,Eslint,"diff --git a/lib/rules/new-parens.js b/lib/rules/new-parens.js
index 29f4b5c2..b0fc5ba9 100644
--- a/lib/rules/new-parens.js
+++ b/lib/rules/new-parens.js
@@ -29,20 +29,6 @@ function isClosingParen(token) {
     return token.type === ""Punctuator"" && token.value === "")"";
 }
 
-/**
- * Checks whether the given node is inside of another given node.
- *
- * @param {ASTNode|Token} inner - The inner node to check.
- * @param {ASTNode|Token} outer - The outer node to check.
- * @returns {boolean} `true` if the `inner` is in `outer`.
- */
-function isInRange(inner, outer) {
-    const ir = inner.range;
-    const or = outer.range;
-
-    return or[0] <= ir[0] && ir[1] <= or[1];
-}
-
 //------------------------------------------------------------------------------
 // Rule Definition
 //------------------------------------------------------------------------------
@@ -65,14 +51,15 @@ module.exports = {
 
         return {
             NewExpression(node) {
-                let token = sourceCode.getTokenAfter(node.callee);
-
-                // Skip ')'
-                while (token && isClosingParen(token)) {
-                    token = sourceCode.getTokenAfter(token);
+                if (node.arguments.length !== 0) {
+                    return;  // shortcut: if there are arguments, there have to be parens
                 }
 
-                if (!(token && isOpeningParen(token) && isInRange(token, node))) {
+                const lastToken = sourceCode.getLastToken(node);
+                const hasLastParen = lastToken && isClosingParen(lastToken);
+                const hasParens = hasLastParen && isOpeningParen(sourceCode.getTokenBefore(lastToken));
+
+                if (!hasParens) {
                     context.report({
                         node,
                         message: ""Missing '()' invoking a constructor."",
"
Bitwise Operator Replacement (BWO),BWO[],PIT and Major,Bitwise operator changed,bid17,Eslint,"diff --git a/lib/rules/max-statements-per-line.js b/lib/rules/max-statements-per-line.js
index 63e4d67f..55f09746 100644
--- a/lib/rules/max-statements-per-line.js
+++ b/lib/rules/max-statements-per-line.js
@@ -43,7 +43,7 @@ module.exports = {
         // Helpers
         //--------------------------------------------------------------------------
 
-        var SINGLE_CHILD_ALLOWED = /^(?:DoWhile|For|ForIn|ForOf|If|Labeled|While)Statement$/;
+        var SINGLE_CHILD_ALLOWED = /^(?:(?:DoWhile|For|ForIn|ForOf|If|Labeled|While)Statement|Export(?:Default|Named)Declaration)$/;
 
         /**
          * Gets the actual last token of a given node.
"
Logical Operator Replacement (LOR),LOR[],PIT and Major,"The patch modifies a logical operator such as && or ||. Therefore, it corresponds to Logical Operator Replacement.",bid18,Eslint,"diff --git a/lib/rules/indent.js b/lib/rules/indent.js
index bc0577a0..1238ee4d 100644
--- a/lib/rules/indent.js
+++ b/lib/rules/indent.js
@@ -450,7 +450,8 @@ module.exports = function(context) {
                         parent.type === ""ObjectExpression"" ||
                         parent.type === ""ArrayExpression"" ||
                         parent.type === ""CallExpression"" ||
-                        parent.type === ""ArrowFunctionExpression""
+                        parent.type === ""ArrowFunctionExpression"" ||
+                        parent.type === ""NewExpression""
                     ) {
                         nodeIndent = nodeIndent + indentSize;
                     }
"
"Arithmetic Operator Replacement (AOR), Constant replacement,","AOR[],CR[]",PIT and Major,"The patch modifies an arithmetic operator. Therefore, it corresponds to Arithmetic Operator Replacement.",bid19,Eslint,"diff --git a/lib/rules/no-regex-spaces.js b/lib/rules/no-regex-spaces.js
index 05ac86e8..09b689e8 100644
--- a/lib/rules/no-regex-spaces.js
+++ b/lib/rules/no-regex-spaces.js
@@ -37,11 +37,11 @@ module.exports = {
          * @private
          */
         function checkRegex(node, value, valueStart) {
-            const multipleSpacesRegex = /( {2,})+?/,
+            const multipleSpacesRegex = /( {2,})( [+*{?]|[^+*{?]|$)/,
                 regexResults = multipleSpacesRegex.exec(value);
 
             if (regexResults !== null) {
-                const count = regexResults[0].length;
+                const count = regexResults[1].length;
 
                 context.report({
                     node,
"
Condition Insertion (CI),CI[],PIT and Major,"The patch inserts a condition or conditional guard. Therefore, it corresponds to Condition Insertion.",bid20,Eslint,"diff --git a/lib/rules/indent.js b/lib/rules/indent.js
index 308306af..79a0f25c 100644
--- a/lib/rules/indent.js
+++ b/lib/rules/indent.js
@@ -442,6 +442,7 @@ class OffsetStorage {
                 const offset = (
                     offsetInfo.from &&
                     offsetInfo.from.loc.start.line === token.loc.start.line &&
+                    !/^\s*?\n/.test(token.value) &&
                     !offsetInfo.force
                 ) ? 0 : offsetInfo.offset * this._indentSize;
 
@@ -836,7 +837,7 @@ module.exports = {
                     const previousElement = elements[index - 1];
                     const firstTokenOfPreviousElement = previousElement && getFirstToken(previousElement);
 
-                    if (previousElement && sourceCode.getLastToken(previousElement).loc.start.line > startToken.loc.end.line) {
+                    if (previousElement && sourceCode.getLastToken(previousElement).loc.end.line > startToken.loc.end.line) {
                         offsets.setDesiredOffsets(element.range, firstTokenOfPreviousElement, 0);
                     }
                 }
"
"Condition insertion, Modification of condition stement","CI[],MOCS[]",PIT and Major,"Multi-line edits and complex structural changes. The patch has 12 changed lines, so it is not considered repairable by simple mutation operators under the >4-line rule.",bid21,Eslint,"diff --git a/lib/rules/func-name-matching.js b/lib/rules/func-name-matching.js
index e33efb7a..db06d5d4 100644
--- a/lib/rules/func-name-matching.js
+++ b/lib/rules/func-name-matching.js
@@ -148,7 +148,7 @@ module.exports = {
         return {
 
             VariableDeclarator(node) {
-                if (!node.init || node.init.type !== ""FunctionExpression"") {
+                if (!node.init || node.init.type !== ""FunctionExpression"" || node.id.type !== ""Identifier"") {
                     return;
                 }
                 if (node.init.id && shouldWarn(node.id.name, node.init.id.name)) {
@@ -157,10 +157,12 @@ module.exports = {
             },
 
             AssignmentExpression(node) {
-                if (node.right.type !== ""FunctionExpression"" ||
-                   (node.left.computed && node.left.property.type !== ""Literal"") ||
-                    (!includeModuleExports && isModuleExports(node.left))
-                   ) {
+                if (
+                    node.right.type !== ""FunctionExpression"" ||
+                    (node.left.computed && node.left.property.type !== ""Literal"") ||
+                    (!includeModuleExports && isModuleExports(node.left)) ||
+                    (node.left.type !== ""Identifier"" && node.left.type !== ""MemberExpression"")
+                ) {
                     return;
                 }
 
"
"Method call replacement, Modification of condition stement","MCR[],MOCS[]",PIT and Major,"Multi-line edits and complex structural changes. The patch has 9 changed lines, so it is not considered repairable by simple mutation operators under the >4-line rule.",bid22,Eslint,"diff --git a/lib/rules/no-invalid-this.js b/lib/rules/no-invalid-this.js
index d1629c6f..37c67de0 100644
--- a/lib/rules/no-invalid-this.js
+++ b/lib/rules/no-invalid-this.js
@@ -315,10 +315,17 @@ module.exports = function(context) {
         // `this` is invalid only under strict mode.
         // Modules is always strict mode.
         ""Program"": function(node) {
+            var scope = context.getScope();
+            var features = context.ecmaFeatures;
+
             stack.push({
                 init: true,
                 node: node,
-                valid: !(context.ecmaFeatures.modules || context.getScope().isStrict)
+                valid: !(
+                    scope.isStrict ||
+                    features.modules ||
+                    (features.globalReturn && scope.childScopes[0].isStrict)
+                )
             });
         },
         ""Program:exit"": function() {
"
"Condition insertion,Method call replacement","CI[],MCR[]",PIT and Major,"Multi-line edits and complex structural changes. The patch has 8 changed lines, so it is not considered repairable by simple mutation operators under the >4-line rule.",bid23,Eslint,"diff --git a/lib/rules/sort-vars.js b/lib/rules/sort-vars.js
index 6bee2210..1fdfc9ac 100644
--- a/lib/rules/sort-vars.js
+++ b/lib/rules/sort-vars.js
@@ -37,11 +37,9 @@ module.exports = {
 
         return {
             VariableDeclaration(node) {
-                node.declarations.reduce((memo, decl) => {
-                    if (decl.id.type === ""ObjectPattern"" || decl.id.type === ""ArrayPattern"") {
-                        return memo;
-                    }
+                const idDeclarations = node.declarations.filter(decl => decl.id.type === ""Identifier"");
 
+                idDeclarations.slice(1).reduce((memo, decl) => {
                     let lastVariableName = memo.id.name,
                         currenVariableName = decl.id.name;
 
@@ -56,7 +54,7 @@ module.exports = {
                     }
                     return decl;
 
-                }, node.declarations[0]);
+                }, idDeclarations[0]);
             }
         };
     }
"
Arithmetic Operator Replacement (AOR),AOR[],PIT and Major,"The patch modifies an arithmetic operator. Therefore, it corresponds to Arithmetic Operator Replacement.",bid24,Eslint,"diff --git a/lib/rules/semi.js b/lib/rules/semi.js
index 7fc80ab8..2f28f161 100644
--- a/lib/rules/semi.js
+++ b/lib/rules/semi.js
@@ -53,7 +53,7 @@ module.exports = {
 
     create(context) {
 
-        const OPT_OUT_PATTERN = /[\[\(\/\+\-]/; // One of [(/+-
+        const OPT_OUT_PATTERN = /^[-[(\/+]$/; // One of [(/+-, but not ++ or --
         const options = context.options[1];
         const never = context.options[0] === ""never"",
             exceptOneLine = options && options.omitLastInOneLineBlock === true,
"
"Method call replacement , Modification of condition statement","MCR[],MOCS[]",PIT and Major,"Multi-line edits and complex structural changes. The patch has 13 changed lines, so it is not considered repairable by simple mutation operators under the >4-line rule.",bid25,Eslint,"diff --git a/lib/config/config-validator.js b/lib/config/config-validator.js
index 5f0072d5..5b9d782e 100644
--- a/lib/config/config-validator.js
+++ b/lib/config/config-validator.js
@@ -13,7 +13,8 @@
 
 var rules = require(""../rules""),
     Environments = require(""./environments""),
-    schemaValidator = require(""is-my-json-valid"");
+    schemaValidator = require(""is-my-json-valid""),
+    util = require(""util"");
 
 var validators = {
     rules: Object.create(null)
@@ -83,7 +84,10 @@ function validateRuleOptions(id, options, source) {
         localOptions = [];
     }
 
-    validSeverity = (severity === 0 || severity === 1 || severity === 2 || /^(?:off|warn|error)$/i.test(severity));
+    validSeverity = (
+        severity === 0 || severity === 1 || severity === 2 ||
+        (typeof severity === ""string"" && /^(?:off|warn|error)$/i.test(severity))
+    );
 
     if (validateRule) {
         validateRule(localOptions);
@@ -97,7 +101,10 @@ function validateRuleOptions(id, options, source) {
 
         if (!validSeverity) {
             message.push(
-                ""\tSeverity should be one of the following: 0 = off, 1 = warning, 2 = error (you passed \"""", severity, ""\"").\n"");
+                ""\tSeverity should be one of the following: 0 = off, 1 = warning, 2 = error (you passed '"",
+                util.inspect(severity).replace(/'/g, ""\"""").replace(/\n/g, """"),
+                ""').\n""
+            );
         }
 
         if (validateRule && validateRule.errors) {
"
Modification of Return Value (MRV),MRV[],PIT and Major,"The patch replaces or removes a method/function call. Therefore, it corresponds to Method Call Replacement / Removal.",bid26,Eslint,"diff --git a/lib/util/glob-util.js b/lib/util/glob-util.js
index d414f783..4c21fc55 100644
--- a/lib/util/glob-util.js
+++ b/lib/util/glob-util.js
@@ -86,7 +86,7 @@ function resolveFileGlobPatterns(patterns, options) {
 
     const processPathExtensions = processPath(options);
 
-    return patterns.map(processPathExtensions);
+    return patterns.filter(p => p.length).map(processPathExtensions);
 }
 
 /**
"
"Condition insertion, Modification of return Value","CI[],MRV[]",PIT and Major,"Multi-line edits and complex structural changes. The patch has 8 changed lines, so it is not considered repairable by simple mutation operators under the >4-line rule.",bid27,Eslint,"diff --git a/lib/rules/no-extra-boolean-cast.js b/lib/rules/no-extra-boolean-cast.js
index e7368b07..47ca7e22 100644
--- a/lib/rules/no-extra-boolean-cast.js
+++ b/lib/rules/no-extra-boolean-cast.js
@@ -98,6 +98,14 @@ module.exports = {
                         node,
                         message: ""Redundant Boolean call."",
                         fix: fixer => {
+                            if (!node.arguments.length) {
+                                return fixer.replaceText(parent, ""true"");
+                            }
+
+                            if (node.arguments.length > 1 || node.arguments[0].type === ""SpreadElement"") {
+                                return null;
+                            }
+
                             const argument = node.arguments[0];
 
                             if (astUtils.getPrecedence(argument) < astUtils.getPrecedence(node.parent)) {
"
no,no,no,"Multi-line edits and complex structural changes. The patch has 18 changed lines, so it is not considered repairable by simple mutation operators under the >4-line rule.",bid28,Eslint,"diff --git a/lib/rules/brace-style.js b/lib/rules/brace-style.js
index 04ef0188..2732720c 100644
--- a/lib/rules/brace-style.js
+++ b/lib/rules/brace-style.js
@@ -57,8 +57,8 @@ module.exports = function(context) {
         var blockProperties = arguments;
 
         return function(node) {
-            [].forEach.call(blockProperties, function(blockProp) {
-                var block = node[blockProp], previousToken, curlyToken, curlyTokenEnd, curlyTokensOnSameLine;
+            Array.prototype.forEach.call(blockProperties, function(blockProp) {
+                var block = node[blockProp], previousToken, curlyToken, curlyTokenEnd, allOnSameLine;
 
                 if (!isBlock(block)) {
                     return;
@@ -67,21 +67,27 @@ module.exports = function(context) {
                 previousToken = sourceCode.getTokenBefore(block);
                 curlyToken = sourceCode.getFirstToken(block);
                 curlyTokenEnd = sourceCode.getLastToken(block);
-                curlyTokensOnSameLine = curlyToken.loc.start.line === curlyTokenEnd.loc.start.line;
+                allOnSameLine = previousToken.loc.start.line === curlyTokenEnd.loc.start.line;
+
+                if (allOnSameLine && params.allowSingleLine) {
+                    return;
+                }
 
                 if (style !== ""allman"" && previousToken.loc.start.line !== curlyToken.loc.start.line) {
                     context.report(node, OPEN_MESSAGE);
-                } else if (style === ""allman"" && previousToken.loc.start.line === curlyToken.loc.start.line && !params.allowSingleLine) {
+                } else if (style === ""allman"" && previousToken.loc.start.line === curlyToken.loc.start.line) {
                     context.report(node, OPEN_MESSAGE_ALLMAN);
                 }
 
-                if (!block.body.length || curlyTokensOnSameLine && params.allowSingleLine) {
+                if (!block.body.length) {
                     return;
                 }
 
                 if (curlyToken.loc.start.line === block.body[0].loc.start.line) {
                     context.report(block.body[0], BODY_MESSAGE);
-                } else if (curlyTokenEnd.loc.start.line === block.body[block.body.length - 1].loc.start.line) {
+                }
+
+                if (curlyTokenEnd.loc.start.line === block.body[block.body.length - 1].loc.start.line) {
                     context.report(block.body[block.body.length - 1], CLOSE_MESSAGE_SINGLE);
                 }
             });
"
Method Parameter Modification (MPM),MPM[],PIT and Major,"The patch modifies the argument list of an existing method/function call. Therefore, it corresponds to Method Parameter Modification.",bid29,Eslint,"diff --git a/lib/rules/arrow-parens.js b/lib/rules/arrow-parens.js
index d9b72b81..67bfdf54 100644
--- a/lib/rules/arrow-parens.js
+++ b/lib/rules/arrow-parens.js
@@ -51,7 +51,7 @@ module.exports = {
          * @returns {void}
          */
         function parens(node) {
-            const token = sourceCode.getFirstToken(node);
+            const token = sourceCode.getFirstToken(node, node.async ? 1 : 0);
 
             // ""as-needed"", { ""requireForBlockBody"": true }: x => x
             if (
"
Modification of Return Value (MRV),MRV[],PIT and Major,"The patch modifies the value returned by a return statement. Therefore, it corresponds to Modification of Return Value.",bid30,Eslint,"diff --git a/lib/rules/no-useless-rename.js b/lib/rules/no-useless-rename.js
index feb7628f..ec228278 100644
--- a/lib/rules/no-useless-rename.js
+++ b/lib/rules/no-useless-rename.js
@@ -84,7 +84,7 @@ module.exports = {
 
             for (i = 0; i < properties.length; i++) {
                 if (properties[i].shorthand) {
-                    return;
+                    continue;
                 }
 
                 /**
@@ -94,7 +94,7 @@ module.exports = {
                  * so there is no ""renaming"" occurring here.
                  */
                 if (properties[i].computed || !properties[i].key) {
-                    return;
+                    continue;
                 }
 
                 if (properties[i].key.type === ""Identifier"" && properties[i].key.name === properties[i].value.name ||
"
no,no,no,"Multi-line edits and complex structural changes. The patch has 32 changed lines, so it is not considered repairable by simple mutation operators under the >4-line rule.",bid31,Eslint,"diff --git a/lib/rules/no-duplicate-case.js b/lib/rules/no-duplicate-case.js
index 46df4def..e1df7eab 100644
--- a/lib/rules/no-duplicate-case.js
+++ b/lib/rules/no-duplicate-case.js
@@ -12,6 +12,24 @@
 
 module.exports = function(context) {
 
+    /**
+     * Strips source code position informations from the node
+     * @param {ASTNode} node The node.
+     * @returns {ASTNode} a copy of the node with the position stripped away
+     * @private
+     */
+    function stripsPosition(node) {
+        var result = {};
+        for (var prop in node) {
+            if (!~[""loc"", ""start"", ""end"", ""range""].indexOf(prop)) {
+                result[prop] = node[prop];
+                if (typeof result[prop] === ""object"") {
+                    result[prop] = stripsPosition(result[prop]);
+                }
+            }
+        }
+        return result;
+    }
     /**
      * Get a hash value for the node
      * @param {ASTNode} node The node.
@@ -19,19 +37,7 @@ module.exports = function(context) {
      * @private
      */
     function getHash(node) {
-        if (node.type === ""Literal"") {
-            return node.type + typeof node.value + node.value;
-        } else if (node.type === ""Identifier"") {
-            return node.type + typeof node.name + node.name;
-        } else if (node.type === ""MemberExpression"") {
-            return node.type + getHash(node.object) + getHash(node.property);
-        } else if (node.type === ""CallExpression"") {
-            return node.type + getHash(node.callee) + node.arguments.map(getHash).join("""");
-        } else if (node.type === ""BinaryExpression"") {
-            return node.type + getHash(node.left) + node.operator + getHash(node.right);
-        } else if (node.type === ""ConditionalExpression"") {
-            return node.type + getHash(node.test) + getHash(node.consequent) + getHash(node.alternate);
-        }
+        return JSON.stringify(stripsPosition(node));
     }
 
     var switchStatement = [];
"
no,no,no,"Multi-line edits and complex structural changes. The patch has 33 changed lines, so it is not considered repairable by simple mutation operators under the >4-line rule.",bid32,Eslint,"diff --git a/lib/linter.js b/lib/linter.js
index 0b9c6e0d..94d3d05b 100755
--- a/lib/linter.js
+++ b/lib/linter.js
@@ -890,7 +890,20 @@ class Linter {
                     parserOptions: config.parserOptions,
                     parserPath: config.parser,
                     parserServices,
-                    settings: config.settings
+                    settings: config.settings,
+
+                    /**
+                     * This is used to avoid breaking rules that used to monkeypatch the `Linter#report` method
+                     * by using the `_linter` property on rule contexts.
+                     *
+                     * This should be removed in a major release after we create a better way to
+                     * lint for unused disable comments.
+                     * https://github.com/eslint/eslint/issues/9193
+                     */
+                    _linter: {
+                        report() {},
+                        on: emitter.on.bind(emitter)
+                    }
                 }
             )
         );
@@ -926,6 +939,24 @@ class Linter {
                                 if (!isDisabledByReportingConfig(this.reportingConfig, ruleId, problem)) {
                                     this.messages.push(problem);
                                 }
+
+                                /*
+                                 * This is used to avoid breaking rules that used monkeypatch Linter, and relied on
+                                 * `linter.report` getting called with report info every time a rule reports a problem.
+                                 * To continue to support this, make sure that `context._linter.report` is called every
+                                 * time a problem is reported by a rule, even though `context._linter` is no longer a
+                                 * `Linter` instance.
+                                 *
+                                 * This should be removed in a major release after we create a better way to
+                                 * lint for unused disable comments.
+                                 * https://github.com/eslint/eslint/issues/9193
+                                 */
+                                sharedTraversalContext._linter.report( // eslint-disable-line no-underscore-dangle
+                                    ruleId,
+                                    severity,
+                                    { loc: { start: { line: problem.line, column: problem.column - 1 } } },
+                                    problem.message
+                                );
                             }
                         ])
                     }
"
Logical Operator Replacement (LOR),LOR[],PIT and Major,"The patch modifies a logical operator such as && or ||. Therefore, it corresponds to Logical Operator Replacement.",bid33,Eslint,"diff --git a/lib/rules/no-multiple-empty-lines.js b/lib/rules/no-multiple-empty-lines.js
index 96b04391..7508164d 100644
--- a/lib/rules/no-multiple-empty-lines.js
+++ b/lib/rules/no-multiple-empty-lines.js
@@ -78,7 +78,7 @@ module.exports = {
 
             ""Program:exit"": function checkBlankLines(node) {
                 var lines = sourceCode.lines,
-                    fullLines = sourceCode.text.match(/.*(\r\n|\r|\n|\u2028|\u2029)/g),
+                    fullLines = sourceCode.text.match(/.*(\r\n|\r|\n|\u2028|\u2029)/g) || [],
                     firstNonBlankLine = -1,
                     trimmedLines = [],
                     linesRangeStart = [],
"
no,no,no,"Multi-line edits and complex structural changes. The patch has 27 changed lines, so it is not considered repairable by simple mutation operators under the >4-line rule.",bid34,Eslint,"diff --git a/lib/rules/id-match.js b/lib/rules/id-match.js
index b924a8e8..4c9f4351 100644
--- a/lib/rules/id-match.js
+++ b/lib/rules/id-match.js
@@ -42,12 +42,9 @@ module.exports = {
             regexp = new RegExp(pattern);
 
         var options = context.options[1] || {},
-            properties = options.properties,
+            properties = !!options.properties,
             onlyDeclarations = !!options.onlyDeclarations;
 
-        // cast to boolean and default to false
-        properties = !!properties;
-
         /**
          * Checks if a string matches the provided pattern
          * @param {String} name The string to check.
@@ -88,38 +85,35 @@ module.exports = {
 
             Identifier: function(node) {
                 var name = node.name,
-                    effectiveParent = (node.parent.type === ""MemberExpression"") ? node.parent.parent : node.parent;
+                    parent = node.parent,
+                    effectiveParent = (parent.type === ""MemberExpression"") ? parent.parent : parent;
 
-                // MemberExpressions get special rules
-                if (node.parent.type === ""MemberExpression"") {
+                if (parent.type === ""MemberExpression"") {
 
-                    // return early if properties is false
                     if (!properties) {
                         return;
                     }
 
                     // Always check object names
-                    if (node.parent.object.type === ""Identifier"" &&
-                        node.parent.object.name === node.name) {
+                    if (parent.object.type === ""Identifier"" &&
+                        parent.object.name === name) {
                         if (isInvalid(name)) {
                             report(node);
                         }
 
-                        // Report AssignmentExpressions only if they are the left side of the assignment
+                    // Report AssignmentExpressions only if they are the left side of the assignment
                     } else if (effectiveParent.type === ""AssignmentExpression"" &&
                         (effectiveParent.right.type !== ""MemberExpression"" ||
                         effectiveParent.left.type === ""MemberExpression"" &&
-                        effectiveParent.left.property.name === node.name)) {
+                        effectiveParent.left.property.name === name)) {
                         if (isInvalid(name)) {
                             report(node);
                         }
                     }
 
-                // Properties have their own rules
-                } else if (node.parent.type === ""Property"") {
+                } else if (parent.type === ""Property"") {
 
-                    // return early if properties is false
-                    if (!properties) {
+                    if (!properties || parent.key.name !== name) {
                         return;
                     }
 
@@ -127,7 +121,6 @@ module.exports = {
                         report(node);
                     }
 
-                // Report anything that is a match and not a CallExpression
                 } else {
                     var isDeclaration = effectiveParent.type === ""FunctionDeclaration"" || effectiveParent.type === ""VariableDeclarator"";
 
"
Method call replacement,MCR[],PIT and Major,"Multi-line edits and complex structural changes. The patch has 6 changed lines, so it is not considered repairable by simple mutation operators under the >4-line rule.",bid35,Eslint,"diff --git a/lib/rules/indent.js b/lib/rules/indent.js
index ce21e6d5..2ebb6dcb 100644
--- a/lib/rules/indent.js
+++ b/lib/rules/indent.js
@@ -1209,8 +1209,10 @@ module.exports = {
                 const firstNonObjectToken = sourceCode.getFirstTokenBetween(node.object, node.property, astUtils.isNotClosingParenToken);
                 const secondNonObjectToken = sourceCode.getTokenAfter(firstNonObjectToken);
 
-                const tokenBeforeObject = sourceCode.getTokenBefore(node.object, token => astUtils.isNotOpeningParenToken(token) || parameterParens.has(token));
-                const firstObjectToken = tokenBeforeObject ? sourceCode.getTokenAfter(tokenBeforeObject) : sourceCode.ast.tokens[0];
+                const objectParenCount = sourceCode.getTokensBetween(node.object, node.property, { filter: astUtils.isClosingParenToken }).length;
+                const firstObjectToken = objectParenCount
+                    ? sourceCode.getTokenBefore(node.object, { skip: objectParenCount - 1 })
+                    : sourceCode.getFirstToken(node.object);
                 const lastObjectToken = sourceCode.getTokenBefore(firstNonObjectToken);
                 const firstPropertyToken = node.computed ? firstNonObjectToken : secondNonObjectToken;
 
"
Logical Operator Replacement (LOR),LOR[],PIT and Major,"The patch modifies a logical operator such as && or ||. Therefore, it corresponds to Logical Operator Replacement.",bid36,Eslint,"diff --git a/lib/testers/rule-tester.js b/lib/testers/rule-tester.js
index 5c926a7c..78c3107d 100644
--- a/lib/testers/rule-tester.js
+++ b/lib/testers/rule-tester.js
@@ -534,7 +534,7 @@ RuleTester.prototype = {
         RuleTester.describe(ruleName, () => {
             RuleTester.describe(""valid"", () => {
                 test.valid.forEach(valid => {
-                    RuleTester.it(valid.code || valid, () => {
+                    RuleTester.it(typeof valid === ""object"" ? valid.code : valid, () => {
                         eslint.defineRules(this.rules);
                         testValidTemplate(ruleName, valid);
                     });
"
"Method call replacement, Modification of condition stement","MCR[],MOCS[]",PIT and Major,"Multi-line edits and complex structural changes. The patch has 5 changed lines, so it is not considered repairable by simple mutation operators under the >4-line rule.",bid37,Eslint,"diff --git a/lib/rules/no-sequences.js b/lib/rules/no-sequences.js
index c0a458e0..538e36a1 100644
--- a/lib/rules/no-sequences.js
+++ b/lib/rules/no-sequences.js
@@ -85,7 +85,8 @@ module.exports = function(context) {
                 }
             }
 
-            context.report(node, ""Unexpected use of comma operator."");
+            var child = context.getTokenAfter(node.expressions[0]);
+            context.report(node, child.loc.start, ""Unexpected use of comma operator."");
         }
     };
 
diff --git a/lib/rules/space-after-keywords.js b/lib/rules/space-after-keywords.js
index c00244a2..eeed6d2a 100644
--- a/lib/rules/space-after-keywords.js
+++ b/lib/rules/space-after-keywords.js
@@ -33,6 +33,7 @@ module.exports = function(context) {
         if (hasSpace !== requiresSpace) {
             context.report({
                 node: node,
+                loc: left.loc.end,
                 message: ""Keyword \""{{value}}\"" must {{not}}be followed by whitespace."",
                 data: {
                     value: value,
@@ -49,6 +50,7 @@ module.exports = function(context) {
         } else if (left.loc.end.line !== right.loc.start.line) {
             context.report({
                 node: node,
+                loc: left.loc.end,
                 message: ""Keyword \""{{value}}\"" must not be followed by a newline."",
                 data: {
                     value: value
"
"Annotation addition, Mofication of condition stement","AA[],MOCS[]",PIT and Major,"Multi-line edits and complex structural changes. The patch has 6 changed lines, so it is not considered repairable by simple mutation operators under the >4-line rule.",bid38,Eslint,"diff --git a/lib/cli-engine.js b/lib/cli-engine.js
index c0cfd8d4..b19eec44 100644
--- a/lib/cli-engine.js
+++ b/lib/cli-engine.js
@@ -68,6 +68,8 @@ var fs = require(""fs""),
  * @typedef {Object} LintResult
  * @property {string} filePath The path to the file that was linted.
  * @property {LintMessage[]} messages All of the messages for the result.
+ * @property {number} errorCount Number or errors for the result.
+ * @property {number} warningCount Number or warnings for the result.
  */
 
 //------------------------------------------------------------------------------
@@ -523,7 +525,9 @@ CLIEngine.getErrorResults = function(results) {
         if (filteredMessages.length > 0) {
             filtered.push({
                 filePath: result.filePath,
-                messages: filteredMessages
+                messages: filteredMessages,
+                errorCount: filteredMessages.length,
+                warningCount: 0
             });
         }
     });
"
Modification of Condition Statement (MOCS),MOCS[],PIT and Major,"Multi-line edits and complex structural changes. The patch has 6 changed lines, so it is not considered repairable by simple mutation operators under the >4-line rule.",bid39,Eslint,"diff --git a/lib/rules/no-magic-numbers.js b/lib/rules/no-magic-numbers.js
index 4e68190e..796ecff0 100644
--- a/lib/rules/no-magic-numbers.js
+++ b/lib/rules/no-magic-numbers.js
@@ -131,8 +131,10 @@ module.exports = {
                             message: ""Number constants declarations must use 'const'.""
                         });
                     }
-                } else if (okTypes.indexOf(parent.type) === -1 ||
-                    (parent.type === ""AssignmentExpression"" && parent.operator !== ""="")) {
+                } else if (
+                    okTypes.indexOf(parent.type) === -1 ||
+                    (parent.type === ""AssignmentExpression"" && parent.left.type === ""Identifier"")
+                ) {
                     context.report({
                         node,
                         message: ""No magic number: {{raw}}."",
"
no,no,no,"Multi-line edits and complex structural changes. The patch has 18 changed lines, so it is not considered repairable by simple mutation operators under the >4-line rule.",bid40,Eslint,"diff --git a/lib/testers/rule-tester.js b/lib/testers/rule-tester.js
index feed1730..5d327ad2 100644
--- a/lib/testers/rule-tester.js
+++ b/lib/testers/rule-tester.js
@@ -252,8 +252,26 @@ RuleTester.prototype = {
     run(ruleName, rule, test) {
 
         const testerConfig = this.testerConfig,
+            requiredScenarios = [""valid"", ""invalid""],
+            scenarioErrors = [],
             result = {};
 
+        if (lodash.isNil(test) || typeof test !== ""object"") {
+            throw new Error(`Test Scenarios for rule ${ruleName} : Could not find test scenario object`);
+        }
+
+        requiredScenarios.forEach(scenarioType => {
+            if (lodash.isNil(test[scenarioType])) {
+                scenarioErrors.push(`Could not find any ${scenarioType} test scenarios`);
+            }
+        });
+
+        if (scenarioErrors.length > 0) {
+            throw new Error([
+                `Test Scenarios for rule ${ruleName} is invalid:`
+            ].concat(scenarioErrors).join(""\n""));
+        }
+
         /* eslint-disable no-shadow */
 
         /**
"
no,no,no,"Multi-line edits and complex structural changes. The patch has 33 changed lines, so it is not considered repairable by simple mutation operators under the >4-line rule.",bid41,Eslint,"diff --git a/lib/rules/camelcase.js b/lib/rules/camelcase.js
index 6fb1475b..60e006a3 100644
--- a/lib/rules/camelcase.js
+++ b/lib/rules/camelcase.js
@@ -106,20 +106,37 @@ module.exports = {
                         report(node);
                     }
 
-                // Properties have their own rules
-                } else if (node.parent.type === ""Property"") {
+                /*
+                 * Properties have their own rules, and
+                 * AssignmentPattern nodes can be treated like Properties:
+                 * e.g.: const { no_camelcased = false } = bar;
+                 */
+                } else if (node.parent.type === ""Property"" || node.parent.type === ""AssignmentPattern"") {
 
-                    // ""never"" check properties
-                    if (properties === ""never"") {
-                        return;
+                    if (node.parent.parent && node.parent.parent.type === ""ObjectPattern"") {
+
+                        if (node.parent.shorthand && node.parent.value.left && isUnderscored(node.parent.value.left.name)) {
+
+                            report(node);
+                        }
+
+                        // prevent checking righthand side of destructured object
+                        if (node.parent.key === node && node.parent.value !== node) {
+                            return;
+                        }
+
+                        if (node.parent.value.name && isUnderscored(node.parent.value.name)) {
+                            report(node);
+                        }
                     }
 
-                    if (node.parent.parent && node.parent.parent.type === ""ObjectPattern"" &&
-                            node.parent.key === node && node.parent.value !== node) {
+                    // ""never"" check properties
+                    if (properties === ""never"") {
                         return;
                     }
 
-                    if (isUnderscored(name) && !ALLOWED_PARENT_TYPES.has(effectiveParent.type)) {
+                    // don't check right hand side of AssignmentExpression to prevent duplicate warnings
+                    if (isUnderscored(name) && !ALLOWED_PARENT_TYPES.has(effectiveParent.type) && !(node.parent.right === node)) {
                         report(node);
                     }
 
"
"Modification of condition statement, Statement insertion","MOCS[],SI[]",PIT and Major,"Multi-line edits and complex structural changes. The patch has 5 changed lines, so it is not considered repairable by simple mutation operators under the >4-line rule.",bid42,Eslint,"diff --git a/lib/rules/key-spacing.js b/lib/rules/key-spacing.js
index 0b39f742..b195d31d 100644
--- a/lib/rules/key-spacing.js
+++ b/lib/rules/key-spacing.js
@@ -136,7 +136,7 @@ function initOptions(toOptions, fromOptions) {
         if (toOptions.multiLine.align) {
             toOptions.align = {
                 on: toOptions.multiLine.align.on,
-                mode: toOptions.multiLine.mode,
+                mode: toOptions.multiLine.align.mode || toOptions.multiLine.mode,
                 beforeColon: toOptions.multiLine.align.beforeColon,
                 afterColon: toOptions.multiLine.align.afterColon
             };
@@ -289,6 +289,9 @@ module.exports = {
                         multiLine: {
                             type: ""object"",
                             properties: {
+                                mode: {
+                                    enum: [""strict"", ""minimum""]
+                                },
                                 beforeColon: {
                                     type: ""boolean""
                                 },
"
no,no,no,"Multi-line edits and complex structural changes. The patch has 20 changed lines, so it is not considered repairable by simple mutation operators under the >4-line rule.",bid43,Eslint,"diff --git a/lib/rules/space-unary-ops.js b/lib/rules/space-unary-ops.js
index 11c59c82..5b156fac 100644
--- a/lib/rules/space-unary-ops.js
+++ b/lib/rules/space-unary-ops.js
@@ -68,6 +68,21 @@ module.exports = {
             return node.argument && node.argument.type && node.argument.type === ""ObjectExpression"";
         }
 
+        /**
+         * Check if it is safe to remove the spaces between the two tokens in
+         * the context of a non-word prefix unary operator. For example, `+ +1`
+         * cannot safely be changed to `++1`.
+         * @param {Token} firstToken The operator for a non-word prefix unary operator
+         * @param {Token} secondToken The first token of its operand
+         * @returns {boolean} Whether or not the spacing between the tokens can be removed
+         */
+        function canRemoveSpacesBetween(firstToken, secondToken) {
+            return !(
+                (firstToken.value === ""+"" && secondToken.value[0] === ""+"") ||
+                (firstToken.value === ""-"" && secondToken.value[0] === ""-"")
+            );
+        }
+
         /**
         * Checks if an override exists for a given operator.
         * @param {ASTnode} node AST node
@@ -244,7 +259,10 @@ module.exports = {
                             operator: firstToken.value
                         },
                         fix(fixer) {
-                            return fixer.removeRange([firstToken.range[1], secondToken.range[0]]);
+                            if (canRemoveSpacesBetween(firstToken, secondToken)) {
+                                return fixer.removeRange([firstToken.range[1], secondToken.range[0]]);
+                            }
+                            return null;
                         }
                     });
                 }
"
Logical Operator Replacement (LOR),LOR[],PIT and Major,"The patch modifies a logical operator such as && or ||. Therefore, it corresponds to Logical Operator Replacement.",bid44,Eslint,"diff --git a/lib/rules/max-len.js b/lib/rules/max-len.js
index b3798357..b5813bbf 100644
--- a/lib/rules/max-len.js
+++ b/lib/rules/max-len.js
@@ -162,7 +162,7 @@ module.exports = {
 
             return comment &&
                 (start.line < lineNumber || (start.line === lineNumber && isFirstTokenOnLine)) &&
-                (end.line > lineNumber || end.column === line.length);
+                (end.line > lineNumber || (end.line === lineNumber && end.column === line.length));
         }
 
         /**
"
"Statement Insertion (SI), Condition Insertion(CI)","SI[],CI[]",PIT and Major,"Multi-line edits and complex structural changes. The patch has 6 changed lines, so it is not considered repairable by simple mutation operators under the >4-line rule.",bid45,Eslint,"diff --git a/lib/ignored-paths.js b/lib/ignored-paths.js
index 98d1f302..3d2bd9b4 100644
--- a/lib/ignored-paths.js
+++ b/lib/ignored-paths.js
@@ -110,6 +110,7 @@ IgnoredPaths.prototype.contains = function (filepath) {
     }
 
     filepath = filepath.replace(""\\"", ""/"");
+    filepath = filepath.replace(/^\.\//, """");
     return this.patterns.reduce(function(ignored, pattern) {
         var negated = pattern[0] === ""!"",
             matches;
@@ -118,6 +119,11 @@ IgnoredPaths.prototype.contains = function (filepath) {
             pattern = pattern.slice(1);
         }
 
+        // Remove leading ""current folder"" prefix
+        if (pattern.indexOf(""./"") === 0) {
+            pattern = pattern.slice(2);
+        }
+
         matches = minimatch(filepath, pattern) || minimatch(filepath, pattern + ""/**"");
 
         return matches ? !negated : ignored;
"
Logical Operator Replacement (LOR),LOR[],PIT and Major,"The patch modifies a logical operator such as && or ||. Therefore, it corresponds to Logical Operator Replacement.",bid46,Eslint,"diff --git a/lib/rules/no-unused-vars.js b/lib/rules/no-unused-vars.js
index 966dd648..683176e9 100644
--- a/lib/rules/no-unused-vars.js
+++ b/lib/rules/no-unused-vars.js
@@ -494,7 +494,7 @@ module.exports = {
                         if (type === ""Parameter"") {
 
                             // skip any setter argument
-                            if (def.node.parent.type === ""Property"" && def.node.parent.kind === ""set"") {
+                            if ((def.node.parent.type === ""Property"" || def.node.parent.type === ""MethodDefinition"") && def.node.parent.kind === ""set"") {
                                 continue;
                             }
 
"
Bitwise Operator Replacement (BWO),BWO[],PIT and Major,Bitwise operator changed,bid47,Eslint,"diff --git a/lib/rules/prefer-const.js b/lib/rules/prefer-const.js
index 07d8da82..53bdc2ab 100644
--- a/lib/rules/prefer-const.js
+++ b/lib/rules/prefer-const.js
@@ -9,7 +9,7 @@
 // Helpers
 //------------------------------------------------------------------------------
 
-const PATTERN_TYPE = /^(?:.+?Pattern|RestElement|Property)$/;
+const PATTERN_TYPE = /^(?:.+?Pattern|RestElement|SpreadProperty|ExperimentalRestProperty|Property)$/;
 const DECLARATION_HOST_TYPE = /^(?:Program|BlockStatement|SwitchCase)$/;
 const DESTRUCTURING_HOST_TYPE = /^(?:VariableDeclarator|AssignmentExpression)$/;
 
"
For Loop Insertion,FLI[],PIT and Major,"Multi-line edits and complex structural changes. The patch has 5 changed lines, so it is not considered repairable by simple mutation operators under the >4-line rule.",bid48,Eslint,"diff --git a/lib/rules/max-len.js b/lib/rules/max-len.js
index 8ef12b4c..45cc36e2 100644
--- a/lib/rules/max-len.js
+++ b/lib/rules/max-len.js
@@ -235,8 +235,9 @@ module.exports = {
          * @private
          */
         function groupByLineNumber(acc, node) {
-            ensureArrayAndPush(acc, node.loc.start.line, node);
-            ensureArrayAndPush(acc, node.loc.end.line, node);
+            for (let i = node.loc.start.line; i <= node.loc.end.line; ++i) {
+                ensureArrayAndPush(acc, i, node);
+            }
             return acc;
         }
 
"
no,no,no,"Multi-line edits and complex structural changes. The patch has 13 changed lines, so it is not considered repairable by simple mutation operators under the >4-line rule.",bid49,Eslint,"diff --git a/lib/rules/no-useless-computed-key.js b/lib/rules/no-useless-computed-key.js
index 573fe21c..fd5ec2c9 100644
--- a/lib/rules/no-useless-computed-key.js
+++ b/lib/rules/no-useless-computed-key.js
@@ -9,6 +9,7 @@
 //------------------------------------------------------------------------------
 
 const astUtils = require(""../ast-utils"");
+const esUtils = require(""esutils"");
 
 //------------------------------------------------------------------------------
 // Rule Definition
@@ -55,7 +56,17 @@ module.exports = {
                                 // If there are comments between the brackets and the property name, don't do a fix.
                                 return null;
                             }
-                            return fixer.replaceTextRange([leftSquareBracket.range[0], rightSquareBracket.range[1]], key.raw);
+
+                            const tokenBeforeLeftBracket = sourceCode.getTokenBefore(leftSquareBracket);
+
+                            // Insert a space before the key to avoid changing identifiers, e.g. ({ get[2]() {} }) to ({ get2() {} })
+                            const needsSpaceBeforeKey = tokenBeforeLeftBracket.range[1] === leftSquareBracket.range[0] &&
+                                esUtils.code.isIdentifierPartES6(tokenBeforeLeftBracket.value.slice(-1).charCodeAt(0)) &&
+                                esUtils.code.isIdentifierPartES6(key.raw.charCodeAt(0));
+
+                            const replacementKey = (needsSpaceBeforeKey ? "" "" : """") + key.raw;
+
+                            return fixer.replaceTextRange([leftSquareBracket.range[0], rightSquareBracket.range[1]], replacementKey);
                         }
                     });
                 }
"
Constant Replacement (CR),CR[],PIT and Major,"The patch modifies a literal constant such as a number, boolean, null/undefined, or similar value. Therefore, it corresponds to Constant Replacement.",bid50,Eslint,"diff --git a/lib/rules/no-multiple-empty-lines.js b/lib/rules/no-multiple-empty-lines.js
index c7f69784..679c4f69 100644
--- a/lib/rules/no-multiple-empty-lines.js
+++ b/lib/rules/no-multiple-empty-lines.js
@@ -165,7 +165,7 @@ module.exports = {
                     } else {
                         const location = {
                             line: lastLocation + 1,
-                            column: 1
+                            column: 0
                         };
 
                         if (lastLocation < firstOfEndingBlankLines) {
"
no,no,no,"Multi-line edits and complex structural changes. The patch has 5 changed lines, so it is not considered repairable by simple mutation operators under the >4-line rule.",bid51,Eslint,"diff --git a/lib/rules/max-len.js b/lib/rules/max-len.js
index faff093d..b3798357 100644
--- a/lib/rules/max-len.js
+++ b/lib/rules/max-len.js
@@ -157,10 +157,11 @@ module.exports = {
          */
         function isFullLineComment(line, lineNumber, comment) {
             var start = comment.loc.start,
-                end = comment.loc.end;
+                end = comment.loc.end,
+                isFirstTokenOnLine = !line.slice(0, comment.loc.start.column).trim();
 
             return comment &&
-                (start.line < lineNumber || (start.line === lineNumber && start.column === 0)) &&
+                (start.line < lineNumber || (start.line === lineNumber && isFirstTokenOnLine)) &&
                 (end.line > lineNumber || end.column === line.length);
         }
 
"
Modification of Return Value (MRV),MRV[],PIT and Major,"Multi-line edits and complex structural changes. The patch has 10 changed lines, so it is not considered repairable by simple mutation operators under the >4-line rule.",bid52,Eslint,"diff --git a/lib/rules/object-shorthand.js b/lib/rules/object-shorthand.js
index 1d32d172..1d3d9dae 100644
--- a/lib/rules/object-shorthand.js
+++ b/lib/rules/object-shorthand.js
@@ -230,7 +230,10 @@ module.exports = {
                 const functionToken = sourceCode.getTokens(node.value).find(token => token.type === ""Keyword"" && token.value === ""function"");
                 const tokenBeforeParams = node.value.generator ? sourceCode.getTokenAfter(functionToken) : functionToken;
 
-                return fixer.replaceTextRange([firstKeyToken.range[0], tokenBeforeParams.range[1]], keyPrefix + keyText);
+                return fixer.replaceTextRange(
+                    [firstKeyToken.range[0], node.range[1]],
+                    keyPrefix + keyText + sourceCode.text.slice(tokenBeforeParams.range[1], node.value.range[1])
+                );
             }
             const arrowToken = sourceCode.getTokens(node.value).find(token => token.value === ""=>"");
             const tokenBeforeArrow = sourceCode.getTokenBefore(arrowToken);
@@ -238,7 +241,10 @@ module.exports = {
             const oldParamText = sourceCode.text.slice(sourceCode.getFirstToken(node.value, node.value.async ? 1 : 0).range[0], tokenBeforeArrow.range[1]);
             const newParamText = hasParensAroundParameters ? oldParamText : `(${oldParamText})`;
 
-            return fixer.replaceTextRange([firstKeyToken.range[0], arrowToken.range[1]], keyPrefix + keyText + newParamText);
+            return fixer.replaceTextRange(
+                [firstKeyToken.range[0], node.range[1]],
+                keyPrefix + keyText + newParamText + sourceCode.text.slice(arrowToken.range[1], node.value.range[1])
+            );
 
         }
 
"
Reference Assignment Replacement (RAR),RAR[],PIT and Major,Assignment reference changed,bid53,Eslint,"diff --git a/lib/rules/operator-assignment.js b/lib/rules/operator-assignment.js
index 43f21abc..1c40eed1 100644
--- a/lib/rules/operator-assignment.js
+++ b/lib/rules/operator-assignment.js
@@ -135,7 +135,7 @@ module.exports = {
                                 const equalsToken = getOperatorToken(node);
                                 const operatorToken = getOperatorToken(expr);
                                 const leftText = sourceCode.getText().slice(node.range[0], equalsToken.range[0]);
-                                const rightText = sourceCode.getText().slice(operatorToken.range[1], expr.right.range[1]);
+                                const rightText = sourceCode.getText().slice(operatorToken.range[1], node.right.range[1]);
 
                                 return fixer.replaceText(node, `${leftText}${expr.operator}=${rightText}`);
                             }
"
no,no,no,"Multi-line edits and complex structural changes. The patch has 29 changed lines, so it is not considered repairable by simple mutation operators under the >4-line rule.",bid54,Eslint,"diff --git a/lib/rules/no-unsafe-finally.js b/lib/rules/no-unsafe-finally.js
index 55ea2971f..c868f8579 100644
--- a/lib/rules/no-unsafe-finally.js
+++ b/lib/rules/no-unsafe-finally.js
@@ -9,7 +9,10 @@
 // Helpers
 //------------------------------------------------------------------------------
 
-var SENTINEL_NODE_TYPE = /^(?:Program|(?:Function|Class)(?:Declaration|Expression)|ArrowFunctionExpression)$/;
+var SENTINEL_NODE_TYPE_RETURN_THROW = /^(?:Program|(?:Function|Class)(?:Declaration|Expression)|ArrowFunctionExpression)$/;
+var SENTINEL_NODE_TYPE_BREAK = /^(?:Program|(?:Function|Class)(?:Declaration|Expression)|ArrowFunctionExpression|DoWhileStatement|WhileStatement|ForOfStatement|ForInStatement|ForStatement|SwitchStatement)$/;
+var SENTINEL_NODE_TYPE_CONTINUE = /^(?:Program|(?:Function|Class)(?:Declaration|Expression)|ArrowFunctionExpression|DoWhileStatement|WhileStatement|ForOfStatement|ForInStatement|ForStatement)$/;
+
 
 //------------------------------------------------------------------------------
 // Rule Definition
@@ -39,11 +42,29 @@ module.exports = {
          * Climbs up the tree if the node is not a sentinel node
          *
          * @param {ASTNode} node - node to check.
+         * @param {String} label - label of the break or continue statement
          * @returns {Boolean} - return whether the node is a finally block or a sentinel node
          */
-        function isInFinallyBlock(node) {
-            while (node && !SENTINEL_NODE_TYPE.test(node.type)) {
+        function isInFinallyBlock(node, label) {
+            var labelInside = false;
+            var sentinelNodeType;
+
+            if (node.type === ""BreakStatement"" && !node.label) {
+                sentinelNodeType = SENTINEL_NODE_TYPE_BREAK;
+            } else if (node.type === ""ContinueStatement"") {
+                sentinelNodeType = SENTINEL_NODE_TYPE_CONTINUE;
+            } else {
+                sentinelNodeType = SENTINEL_NODE_TYPE_RETURN_THROW;
+            }
+
+            while (node && !sentinelNodeType.test(node.type)) {
+                if (node.parent.label && label && (node.parent.label.name === label.name)) {
+                    labelInside = true;
+                }
                 if (isFinallyBlock(node)) {
+                    if (label && labelInside) {
+                        return false;
+                    }
                     return true;
                 }
                 node = node.parent;
@@ -58,7 +79,7 @@ module.exports = {
          * @returns {void}
          */
         function check(node) {
-            if (isInFinallyBlock(node)) {
+            if (isInFinallyBlock(node, node.label)) {
                 context.report({
                     message: ""Unsafe usage of "" + node.type,
                     node: node,
"
no,no,no,"Multi-line edits and complex structural changes. The patch has 38 changed lines, so it is not considered repairable by simple mutation operators under the >4-line rule.",bid55,Eslint,"diff --git a/lib/rules/func-style.js b/lib/rules/func-style.js
index c9d64b6d0..ad7f41e13 100644
--- a/lib/rules/func-style.js
+++ b/lib/rules/func-style.js
@@ -12,32 +12,52 @@
 module.exports = function(context) {
 
     var style = context.options[0],
-        enforceDeclarations = (style === ""declaration"");
+        enforceDeclarations = (style === ""declaration""),
+        stack = [];
 
     return {
+        ""Program"": function() {
+            stack = [];
+        },
 
         ""FunctionDeclaration"": function(node) {
+            stack.push(false);
+
             if (!enforceDeclarations) {
                 context.report(node, ""Expected a function expression."");
             }
         },
+        ""FunctionDeclaration:exit"": function() {
+            stack.pop();
+        },
 
-        ""FunctionExpression"": function() {
-            var parent = context.getAncestors().pop();
+        ""FunctionExpression"": function(node) {
+            stack.push(false);
 
-            if (enforceDeclarations && parent.type === ""VariableDeclarator"") {
-                context.report(parent, ""Expected a function declaration."");
+            if (enforceDeclarations && node.parent.type === ""VariableDeclarator"") {
+                context.report(node.parent, ""Expected a function declaration."");
             }
         },
+        ""FunctionExpression:exit"": function() {
+            stack.pop();
+        },
 
         ""ArrowFunctionExpression"": function() {
-            var parent = context.getAncestors().pop();
+            stack.push(false);
+        },
+        ""ArrowFunctionExpression:exit"": function(node) {
+            var hasThisExpr = stack.pop();
 
-            if (enforceDeclarations && parent.type === ""VariableDeclarator"") {
-                context.report(parent, ""Expected a function declaration."");
+            if (enforceDeclarations && !hasThisExpr && node.parent.type === ""VariableDeclarator"") {
+                context.report(node.parent, ""Expected a function declaration."");
             }
-        }
+        },
 
+        ""ThisExpression"": function() {
+            if (stack.length > 0) {
+                stack[stack.length - 1] = true;
+            }
+        }
     };
 
 };
"
"Method call replacement, Modification of condition stement","MCR[],MOCS[]",PIT and Major,"Multi-line edits and complex structural changes. The patch has 5 changed lines, so it is not considered repairable by simple mutation operators under the >4-line rule.",bid56,Eslint,"diff --git a/lib/rules/multiline-comment-style.js b/lib/rules/multiline-comment-style.js
index 302a7d85..db4f7684 100644
--- a/lib/rules/multiline-comment-style.js
+++ b/lib/rules/multiline-comment-style.js
@@ -271,10 +271,13 @@ module.exports = {
                         return !tokenBefore || tokenBefore.loc.end.line < comment.loc.start.line;
                     })
                     .reduce((commentGroups, comment, index, commentList) => {
+                        const tokenBefore = sourceCode.getTokenBefore(comment, { includeComments: true });
+
                         if (
                             comment.type === ""Line"" &&
                             index && commentList[index - 1].type === ""Line"" &&
-                            sourceCode.getTokenBefore(comment, { includeComments: true }) === commentList[index - 1]
+                            tokenBefore && tokenBefore.loc.end.line === comment.loc.start.line - 1 &&
+                            tokenBefore === commentList[index - 1]
                         ) {
                             commentGroups[commentGroups.length - 1].push(comment);
                         } else {
"
Statement Deletion (SD),SD[],PIT and Major,"Multi-line edits and complex structural changes. The patch has 6 changed lines, so it is not considered repairable by simple mutation operators under the >4-line rule.",bid57,Eslint,"diff --git a/lib/config/plugins.js b/lib/config/plugins.js
index e28a7792..aebb3669 100644
--- a/lib/config/plugins.js
+++ b/lib/config/plugins.js
@@ -75,12 +75,6 @@ module.exports = {
         plugins[shortName] = plugin;
         Environments.importPlugin(plugin, shortName);
         Rules.importPlugin(plugin, shortName);
-
-        // load up environments and rules for the name that '@scope/' was omitted
-        // 3 lines below will be removed by 4.0.0
-        plugins[pluginNameWithoutPrefix] = plugin;
-        Environments.importPlugin(plugin, pluginNameWithoutPrefix);
-        Rules.importPlugin(plugin, pluginNameWithoutPrefix);
     },
 
     /**
"
no,no,no,"Multi-line edits and complex structural changes. The patch has 15 changed lines, so it is not considered repairable by simple mutation operators under the >4-line rule.",bid58,Eslint,"diff --git a/lib/rules/consistent-return.js b/lib/rules/consistent-return.js
index 78485ba4..0c1a6a74 100644
--- a/lib/rules/consistent-return.js
+++ b/lib/rules/consistent-return.js
@@ -33,6 +33,18 @@ function isUnreachable(segment) {
     return !segment.reachable;
 }
 
+/**
+* Checks whether a given node is a `constructor` method in an ES6 class
+* @param {ASTNode} node A node to check
+* @returns {boolean} `true` if the node is a `constructor` method
+*/
+function isClassConstructor(node) {
+    return node.type === ""FunctionExpression"" &&
+        node.parent &&
+        node.parent.type === ""MethodDefinition"" &&
+        node.parent.kind === ""constructor"";
+}
+
 //------------------------------------------------------------------------------
 // Rule Definition
 //------------------------------------------------------------------------------
@@ -77,7 +89,8 @@ module.exports = {
              */
             if (!funcInfo.hasReturnValue ||
                 funcInfo.codePath.currentSegments.every(isUnreachable) ||
-                astUtils.isES5Constructor(node)
+                astUtils.isES5Constructor(node) ||
+                isClassConstructor(node)
             ) {
                 return;
             }
"
"Condition insertion, Method call replacement","CI[],MCR[]",PIT and Major,"Multi-line edits and complex structural changes. The patch has 11 changed lines, so it is not considered repairable by simple mutation operators under the >4-line rule.",bid59,Eslint,"diff --git a/lib/eslint.js b/lib/eslint.js
index 3c23a749..a9066c4c 100755
--- a/lib/eslint.js
+++ b/lib/eslint.js
@@ -778,17 +778,18 @@ module.exports = (function() {
         // search and apply ""eslint-env *"".
         const envInFile = findEslintEnv(text || textOrSourceCode.text);
 
+        config = Object.assign({}, config);
+
         if (envInFile) {
-            if (!config || !config.env) {
-                config = Object.assign({}, config || {}, { env: envInFile });
-            } else {
-                config = Object.assign({}, config);
+            if (config.env) {
                 config.env = Object.assign({}, config.env, envInFile);
+            } else {
+                config.env = envInFile;
             }
         }
 
         // process initial config to make it safe to extend
-        config = prepareConfig(config || {});
+        config = prepareConfig(config);
 
         // only do this for text
         if (text !== null) {
"
"Condition Insertion (CI), Modification of return Value(MRV)","CI[],MRV[]",PIT and Major,"The patch inserts a condition or conditional guard. Therefore, it corresponds to Condition Insertion.",bid60,Eslint,"diff --git a/lib/rules/one-var.js b/lib/rules/one-var.js
index 805cec36..2bd49f51 100644
--- a/lib/rules/one-var.js
+++ b/lib/rules/one-var.js
@@ -286,6 +286,9 @@ module.exports = {
                             context.report(node, ""Combine this with the previous '"" + type + ""' statement with initialized variables."");
                         }
                         if (options[type].uninitialized === MODE_ALWAYS) {
+                            if (node.parent.left === node && (node.parent.type === ""ForInStatement"" || node.parent.type === ""ForOfStatement"")) {
+                                return;
+                            }
                             context.report(node, ""Combine this with the previous '"" + type + ""' statement with uninitialized variables."");
                         }
                     }
"
Condition Negation (CN),CN[],PIT and Major,"The patch negates or removes negation from a condition. Therefore, it corresponds to Condition Negation.",bid61,Eslint,"diff --git a/lib/rules/indent.js b/lib/rules/indent.js
index ec3f7917..0d4c7188 100644
--- a/lib/rules/indent.js
+++ b/lib/rules/indent.js
@@ -1229,7 +1229,7 @@ module.exports = {
             },
 
             Property(node) {
-                if (!node.computed && !node.shorthand && !node.method && node.kind === ""init"") {
+                if (!node.shorthand && !node.method && node.kind === ""init"") {
                     const colon = sourceCode.getFirstTokenBetween(node.key, node.value, astUtils.isColonToken);
 
                     offsets.ignoreToken(sourceCode.getTokenAfter(colon));
"
"Variable assignment(VA), Satatement Insertion(SI), Condition insertion","VA[],SI[],CI[]",PIT and Major,"Multi-line edits and complex structural changes. The patch has 9 changed lines, so it is not considered repairable by simple mutation operators under the >4-line rule.",bid62,Eslint,"diff --git a/lib/rules/consistent-this.js b/lib/rules/consistent-this.js
index e940d0f0..bcf7fefb 100644
--- a/lib/rules/consistent-this.js
+++ b/lib/rules/consistent-this.js
@@ -2,6 +2,7 @@
  * @fileoverview Rule to enforce consistent naming of ""this"" context variables
  * @author Raphael Pigulla
  * @copyright 2015 Timothy Jones. All rights reserved.
+ * @copyright 2015 David Aurelio. All rights reserved.
  */
 ""use strict"";
 
@@ -93,8 +94,12 @@ module.exports = function(context) {
         ""FunctionDeclaration:exit"": ensureWasAssigned,
 
         ""VariableDeclarator"": function (node) {
-            if (node.init !== null) {
-                checkAssignment(node, node.id.name, node.init);
+            var id = node.id;
+            var isDestructuring =
+                id.type === ""ArrayPattern"" || id.type === ""ObjectPattern"";
+
+            if (node.init !== null && !isDestructuring) {
+                checkAssignment(node, id.name, node.init);
             }
         },
 
"
Method Parameter Modification (MPM),MPM[],PIT and Major,"The patch modifies the argument list of an existing method/function call. Therefore, it corresponds to Method Parameter Modification.",bid63,Eslint,"diff --git a/lib/rules/indent.js b/lib/rules/indent.js
index bf238dd1..2b069011 100644
--- a/lib/rules/indent.js
+++ b/lib/rules/indent.js
@@ -939,7 +939,7 @@ module.exports = {
                 if (options.FunctionDeclaration.parameters === ""first"" && node.params.length) {
                     checkNodesIndent(node.params.slice(1), node.params[0].loc.start.column);
                 } else if (options.FunctionDeclaration.parameters !== null) {
-                    checkNodesIndent(node.params, indentSize * options.FunctionDeclaration.parameters);
+                    checkNodesIndent(node.params, getNodeIndent(node).goodChar + indentSize * options.FunctionDeclaration.parameters);
                 }
             },
 
@@ -950,7 +950,7 @@ module.exports = {
                 if (options.FunctionExpression.parameters === ""first"" && node.params.length) {
                     checkNodesIndent(node.params.slice(1), node.params[0].loc.start.column);
                 } else if (options.FunctionExpression.parameters !== null) {
-                    checkNodesIndent(node.params, indentSize * options.FunctionExpression.parameters);
+                    checkNodesIndent(node.params, getNodeIndent(node).goodChar + indentSize * options.FunctionExpression.parameters);
                 }
             }
         };
"
no,no,no,"Multi-line edits and complex structural changes. The patch has 21 changed lines, so it is not considered repairable by simple mutation operators under the >4-line rule.",bid64,Eslint,"diff --git a/lib/rules/operator-assignment.js b/lib/rules/operator-assignment.js
index 1c40eed1..99cca356 100644
--- a/lib/rules/operator-assignment.js
+++ b/lib/rules/operator-assignment.js
@@ -4,6 +4,12 @@
  */
 ""use strict"";
 
+//------------------------------------------------------------------------------
+// Requirements
+//------------------------------------------------------------------------------
+
+const astUtils = require(""../ast-utils"");
+
 //------------------------------------------------------------------------------
 // Helpers
 //------------------------------------------------------------------------------
@@ -171,9 +177,20 @@ module.exports = {
                         if (canBeFixed(node.left)) {
                             const operatorToken = getOperatorToken(node);
                             const leftText = sourceCode.getText().slice(node.range[0], operatorToken.range[0]);
-                            const rightText = sourceCode.getText().slice(operatorToken.range[1], node.range[1]);
+                            const newOperator = node.operator.slice(0, -1);
+                            let rightText;
+
+                            // If this change would modify precedence (e.g. `foo *= bar + 1` => `foo = foo * (bar + 1)`), parenthesize the right side.
+                            if (
+                                astUtils.getPrecedence(node.right) <= astUtils.getPrecedence({ type: ""BinaryExpression"", operator: newOperator }) &&
+                                !astUtils.isParenthesised(sourceCode, node.right)
+                            ) {
+                                rightText = `${sourceCode.text.slice(operatorToken.range[1], node.right.range[0])}(${sourceCode.getText(node.right)})`;
+                            } else {
+                                rightText = sourceCode.text.slice(operatorToken.range[1], node.range[1]);
+                            }
 
-                            return fixer.replaceText(node, `${leftText}= ${leftText}${node.operator.slice(0, -1)}${rightText}`);
+                            return fixer.replaceText(node, `${leftText}= ${leftText}${newOperator}${rightText}`);
                         }
                         return null;
                     }
"
Method call replacement(MCR),MCR[],PIT and Major,"Multi-line edits and complex structural changes. The patch has 7 changed lines, so it is not considered repairable by simple mutation operators under the >4-line rule.",bid65,Eslint,"diff --git a/lib/linter.js b/lib/linter.js
index a49453e0..bb17ac21 100755
--- a/lib/linter.js
+++ b/lib/linter.js
@@ -519,8 +519,11 @@ function createStubRule(message) {
      */
     function createRuleModule(context) {
         return {
-            Program(node) {
-                context.report(node, message);
+            Program() {
+                context.report({
+                    loc: { line: 1, column: 0 },
+                    message
+                });
             }
         };
     }
"
no,no,no,"Multi-line edits and complex structural changes. The patch has 27 changed lines, so it is not considered repairable by simple mutation operators under the >4-line rule.",bid66,Eslint,"diff --git a/lib/rules/indent.js b/lib/rules/indent.js
index db9b574b..7d43a1f0 100644
--- a/lib/rules/indent.js
+++ b/lib/rules/indent.js
@@ -924,6 +924,23 @@ module.exports = {
             }
         }
 
+        /**
+         * Check whether the given token is the first token of a statement.
+         * @param {Token} token The token to check.
+         * @param {ASTNode} leafNode The expression node that the token belongs directly.
+         * @returns {boolean} `true` if the token is the first token of a statement.
+         */
+        function isFirstTokenOfStatement(token, leafNode) {
+            let node = leafNode;
+
+            while (node.parent && !node.parent.type.endsWith(""Statement"") && !node.parent.type.endsWith(""Declaration"")) {
+                node = node.parent;
+            }
+            node = node.parent;
+
+            return !node || node.range[0] === token.range[0];
+        }
+
         return {
             ArrayExpression: addArrayOrObjectIndent,
             ArrayPattern: addArrayOrObjectIndent,
@@ -967,7 +984,15 @@ module.exports = {
             ConditionalExpression(node) {
                 const tokens = getTokensAndComments(node);
 
-                if (!(node.parent.type === ""ConditionalExpression"" && options.flatTernaryExpressions)) {
+                // `flatTernaryExpressions` option is for the following style:
+                // var a =
+                //     foo > 0 ? bar :
+                //     foo < 0 ? baz :
+                //     /*else*/ qiz ;
+                if (!options.flatTernaryExpressions ||
+                    !astUtils.isTokenOnSameLine(node.test, node.consequent) ||
+                    isFirstTokenOfStatement(tokens[0], node)
+                ) {
                     offsets.setDesiredOffsets(tokens, tokens[0], 1);
                 }
             },
"
no,no,no,"Multi-line edits and complex structural changes. The patch has 25 changed lines, so it is not considered repairable by simple mutation operators under the >4-line rule.",bid67,Eslint,"diff --git a/lib/rules/no-extra-parens.js b/lib/rules/no-extra-parens.js
index 0a6a0d0f..d0d79c6a 100644
--- a/lib/rules/no-extra-parens.js
+++ b/lib/rules/no-extra-parens.js
@@ -255,6 +255,23 @@ module.exports = {
                 !astUtils.canTokensBeAdjacent(tokenBeforeLeftParen, firstToken);
         }
 
+        /**
+         * Determines whether a node should be followed by an additional space when removing parens
+         * @param {ASTNode} node node to evaluate; must be surrounded by parentheses
+         * @returns {boolean} `true` if a space should be inserted after the node
+         * @private
+         */
+        function requiresTrailingSpace(node) {
+            const nextTwoTokens = sourceCode.getTokensAfter(node, { count: 2 });
+            const rightParenToken = nextTwoTokens[0];
+            const tokenAfterRightParen = nextTwoTokens[1];
+            const tokenBeforeRightParen = sourceCode.getLastToken(node);
+
+            return rightParenToken && tokenAfterRightParen &&
+                !sourceCode.isSpaceBetweenTokens(rightParenToken, tokenAfterRightParen) &&
+                !astUtils.canTokensBeAdjacent(tokenBeforeRightParen, tokenAfterRightParen);
+        }
+
         /**
          * Report the node
          * @param {ASTNode} node node to evaluate
@@ -279,7 +296,7 @@ module.exports = {
                     return fixer.replaceTextRange([
                         leftParenToken.range[0],
                         rightParenToken.range[1]
-                    ], (requiresLeadingSpace(node) ? "" "" : """") + parenthesizedSource);
+                    ], (requiresLeadingSpace(node) ? "" "" : """") + parenthesizedSource + (requiresTrailingSpace(node) ? "" "" : """"));
                 }
             });
         }
@@ -488,12 +505,18 @@ module.exports = {
                 if (hasExcessParens(node.right)) {
                     report(node.right);
                 }
+                if (hasExcessParens(node.left)) {
+                    report(node.left);
+                }
             },
 
             ForOfStatement(node) {
                 if (hasExcessParens(node.right)) {
                     report(node.right);
                 }
+                if (hasExcessParens(node.left)) {
+                    report(node.left);
+                }
             },
 
             ForStatement(node) {
"
Method Call Replacement (MCR),MCR[],PIT and Major,"The patch replaces or removes a method/function call. Therefore, it corresponds to Method Call Replacement / Removal.",bid68,Eslint,"diff --git a/lib/rules/no-extra-parens.js b/lib/rules/no-extra-parens.js
index efa3d53b..8c41c18d 100644
--- a/lib/rules/no-extra-parens.js
+++ b/lib/rules/no-extra-parens.js
@@ -509,7 +509,7 @@ module.exports = {
                         !(
                             (node.object.type === ""Literal"" &&
                             typeof node.object.value === ""number"" &&
-                            /^[0-9]+$/.test(sourceCode.getFirstToken(node.object).value))
+                            astUtils.isDecimalInteger(node.object))
                             ||
 
                             // RegExp literal is allowed to have parens (#1589)
"
Statement Insertion(SI),SI[],PIT and Major,"The patch is small, but no taxonomy operator was confidently detected. Manual checking is required.",bid69,Eslint,"diff --git a/lib/rules/no-sequences.js b/lib/rules/no-sequences.js
index bf5ba673..b0d318c7 100644
--- a/lib/rules/no-sequences.js
+++ b/lib/rules/no-sequences.js
@@ -31,7 +31,8 @@ module.exports = {
             IfStatement: ""test"",
             SwitchStatement: ""discriminant"",
             WhileStatement: ""test"",
-            WithStatement: ""object""
+            WithStatement: ""object"",
+            ArrowFunctionExpression: ""body""
 
             // Omitting CallExpression - commas are parsed as argument separators
             // Omitting NewExpression - commas are parsed as argument separators
"
"Variable Assignment (VA), Else Insertion(ElseI)","VA[],ElseI[]",PIT and Major,"variable assignment inserted, Else insertion",bid70,Eslint,"diff --git a/lib/rules/quote-props.js b/lib/rules/quote-props.js
index 13c24d81..29ce2370 100644
--- a/lib/rules/quote-props.js
+++ b/lib/rules/quote-props.js
@@ -141,6 +141,9 @@ module.exports = function(context) {
 
                     necessaryQuotes = necessaryQuotes || !areQuotesRedundant(tokens) || KEYWORDS && isKeyword(tokens[0].value);
                 }
+            } else if (KEYWORDS && checkQuotesRedundancy && key.type === ""Identifier"" && isKeyword(key.name)) {
+                necessaryQuotes = true;
+                context.report(node, ""Properties should be quoted as `{{property}}` is a reserved word."", {property: key.name});
             } else {
                 lackOfQuotes = true;
             }
"
no,no,no,"Multi-line edits and complex structural changes. The patch has 17 changed lines, so it is not considered repairable by simple mutation operators under the >4-line rule.",bid71,Eslint,"diff --git a/lib/rules/spaced-comment.js b/lib/rules/spaced-comment.js
index 1a8dd77c..a57cd869 100644
--- a/lib/rules/spaced-comment.js
+++ b/lib/rules/spaced-comment.js
@@ -18,6 +18,7 @@ module.exports = function(context) {
     // Default to match anything, so all will fail if there are no exceptions
     var exceptionMatcher = new RegExp("" "");
     var markerMatcher = new RegExp("" "");
+    var jsDocMatcher = new RegExp(""((^(\\*)))[ \\n]"");
 
     // Fetch the options dict
     var hasOptions = context.options.length === 2;
@@ -49,6 +50,17 @@ module.exports = function(context) {
         markerMatcher = new RegExp(""((^("" + markers.join(""))|(^("") + "")))[ \\t\\n]"");
     }
 
+    /**
+     * Check to see if the block comment is jsDoc comment
+     * @param {ASTNode} node comment node
+     * @returns {boolean} True if its jsdoc comment
+     * @private
+     */
+    function isJsdoc(node) {
+        // make sure comment type is block and it start with /**\n
+        return node.type === ""Block"" && jsDocMatcher.test(node.value);
+    }
+
 
     function checkCommentForSpace(node) {
         var commentIdentifier = node.type === ""Block"" ? ""/*"" : ""//"";
@@ -60,6 +72,11 @@ module.exports = function(context) {
                 return;
             }
 
+            // if comment is jsdoc style then ignore it
+            if (isJsdoc(node)) {
+                return;
+            }
+
             // Check for markers now, and short-circuit if found
             if (hasMarkers && markerMatcher.test(node.value)) {
                 return;
"
Arithmetic Operator Replacement (AOR),AOR[],PIT and Major,"The patch modifies an arithmetic operator. Therefore, it corresponds to Arithmetic Operator Replacement.",bid72,Eslint,"diff --git a/lib/rules/no-multi-spaces.js b/lib/rules/no-multi-spaces.js
index f39b578b..30d650c3 100644
--- a/lib/rules/no-multi-spaces.js
+++ b/lib/rules/no-multi-spaces.js
@@ -143,8 +143,7 @@ module.exports = {
 
                 const source = sourceCode.getText(),
                     allComments = sourceCode.getAllComments(),
-                    JOINED_LINEBEAKS = Array.from(astUtils.LINEBREAKS).join(""""),
-                    pattern = new RegExp(String.raw`[^ \t${JOINED_LINEBEAKS}].? {2,}`, ""g""); // note: repeating space
+                    pattern = /[^\s].*? {2,}/g;
                 let parent;
 
                 while (pattern.test(source)) {
"
Method Parameter Modification (MPM),MPM[],PIT and Major,"The patch modifies the argument list of an existing method/function call. Therefore, it corresponds to Method Parameter Modification.",bid73,Eslint,"diff --git a/lib/rules/padded-blocks.js b/lib/rules/padded-blocks.js
index 7c378d92..7ec24c65 100644
--- a/lib/rules/padded-blocks.js
+++ b/lib/rules/padded-blocks.js
@@ -190,7 +190,7 @@ module.exports = {
                         node: node,
                         loc: { line: openBrace.loc.start.line, column: openBrace.loc.start.column },
                         fix: function(fixer) {
-                            return fixer.replaceTextRange([openBrace.end, nextToken.start], ""\n"");
+                            return fixer.replaceTextRange([openBrace.end, nextToken.start - nextToken.loc.start.column], ""\n"");
                         },
                         message: NEVER_MESSAGE
                     });
@@ -204,7 +204,7 @@ module.exports = {
                         loc: {line: closeBrace.loc.end.line, column: closeBrace.loc.end.column - 1 },
                         message: NEVER_MESSAGE,
                         fix: function(fixer) {
-                            return fixer.replaceTextRange([previousToken.end, closeBrace.start], ""\n"");
+                            return fixer.replaceTextRange([previousToken.end, closeBrace.start - closeBrace.loc.start.column], ""\n"");
                         }
                     });
                 }
"
Logical Operator Replacement (LOR),LOR[],PIT and Major,"The patch modifies a logical operator such as && or ||. Therefore, it corresponds to Logical Operator Replacement.",bid74,Eslint,"diff --git a/lib/rules/semi-style.js b/lib/rules/semi-style.js
index fa258754..97fcc3ac 100644
--- a/lib/rules/semi-style.js
+++ b/lib/rules/semi-style.js
@@ -79,7 +79,7 @@ module.exports = {
                             : ""the beginning of the next line""
                     },
                     fix(fixer) {
-                        if (commentsExistBetween(prevToken, nextToken)) {
+                        if (prevToken && nextToken && commentsExistBetween(prevToken, nextToken)) {
                             return null;
                         }
 
"
Variable Replacement (VR),VR[],PIT and Major,"The patch replaces a variable or argument while keeping the surrounding statement structure mostly unchanged. Therefore, it corresponds to Variable Replacement.",bid75,Eslint,"diff --git a/lib/rules/comma-dangle.js b/lib/rules/comma-dangle.js
index 621bc2f6..6a737227 100644
--- a/lib/rules/comma-dangle.js
+++ b/lib/rules/comma-dangle.js
@@ -155,7 +155,7 @@ module.exports = {
             if (trailingToken.value !== "","") {
                 context.report({
                     node: lastItem,
-                    loc: lastItem.loc.end,
+                    loc: penultimateToken.loc.end,
                     message: MISSING_MESSAGE,
                     fix(fixer) {
                         return fixer.insertTextAfter(penultimateToken, "","");
"
no,no,no,"Multi-line edits and complex structural changes. The patch has 19 changed lines, so it is not considered repairable by simple mutation operators under the >4-line rule.",bid76,Eslint,"diff --git a/lib/rules/indent.js b/lib/rules/indent.js
index 9b8a60ae..f2acda44 100644
--- a/lib/rules/indent.js
+++ b/lib/rules/indent.js
@@ -268,6 +268,16 @@ module.exports = {
             ) {
                 report(node, indent, nodeIndent);
             }
+
+            if (node.type === ""IfStatement"" && node.alternate) {
+                const elseToken = sourceCode.getTokenBefore(node.alternate);
+
+                checkNodeIndent(elseToken, indent, excludeCommas);
+
+                if (!isNodeFirstInLine(node.alternate)) {
+                    checkNodeIndent(node.alternate, indent, excludeCommas);
+                }
+            }
         }
 
         /**
@@ -278,14 +288,7 @@ module.exports = {
          * @returns {void}
          */
         function checkNodesIndent(nodes, indent, excludeCommas) {
-            nodes.forEach(function(node) {
-                if (node.type === ""IfStatement"" && node.alternate) {
-                    const elseToken = sourceCode.getTokenBefore(node.alternate);
-
-                    checkNodeIndent(elseToken, indent, excludeCommas);
-                }
-                checkNodeIndent(node, indent, excludeCommas);
-            });
+            nodes.forEach(node => checkNodeIndent(node, indent, excludeCommas));
         }
 
         /**
"
no,no,no,"Multi-line edits and complex structural changes. The patch has 24 changed lines, so it is not considered repairable by simple mutation operators under the >4-line rule.",bid77,Eslint,"diff --git a/lib/config/config-initializer.js b/lib/config/config-initializer.js
index 3d0e78fe..91d2454a 100644
--- a/lib/config/config-initializer.js
+++ b/lib/config/config-initializer.js
@@ -46,7 +46,6 @@ function writeFile(config, format) {
         extname = "".json"";
     }
 
-
     ConfigFile.write(config, ""./.eslintrc"" + extname);
     log.info(""Successfully created .eslintrc"" + extname + "" file in "" + process.cwd());
 
@@ -318,7 +317,8 @@ function promptUser(callback) {
             message: ""Which style guide do you want to follow?"",
             choices: [{name: ""Google"", value: ""google""}, {name: ""AirBnB"", value: ""airbnb""}, {name: ""Standard"", value: ""standard""}],
             when: function(answers) {
-                return answers.source === ""guide"";
+                answers.packageJsonExists = npmUtil.checkPackageJson();
+                return answers.source === ""guide"" && answers.packageJsonExists;
             }
         },
         {
@@ -342,13 +342,18 @@ function promptUser(callback) {
             default: ""JavaScript"",
             choices: [""JavaScript"", ""YAML"", ""JSON""],
             when: function(answers) {
-                return (answers.source === ""guide"" || answers.source === ""auto"");
+                return ((answers.source === ""guide"" && answers.packageJsonExists) || answers.source === ""auto"");
             }
         }
     ], function(earlyAnswers) {
 
         // early exit if you are using a style guide
         if (earlyAnswers.source === ""guide"") {
+            if (!earlyAnswers.packageJsonExists) {
+                log.info(""A package.json is necessary to install plugins such as style guides. Run `npm init` to create a package.json file and try again."");
+                return;
+            }
+
             try {
                 config = getConfigForStyleGuide(earlyAnswers.styleguide);
                 writeFile(config, earlyAnswers.format);
diff --git a/lib/util/npm-util.js b/lib/util/npm-util.js
index 27120ad8..9f28dc2b 100644
--- a/lib/util/npm-util.js
+++ b/lib/util/npm-util.js
@@ -124,6 +124,16 @@ function checkDevDeps(packages) {
     return check(packages, {devDependencies: true});
 }
 
+/**
+ * Check whether package.json is found in current path.
+ *
+ * @param   {string=} startDir Starting directory
+ * @returns {boolean} Whether a package.json is found in current path.
+ */
+function checkPackageJson(startDir) {
+    return !!findPackageJson(startDir);
+}
+
 //------------------------------------------------------------------------------
 // Public Interface
 //------------------------------------------------------------------------------
@@ -131,5 +141,6 @@ function checkDevDeps(packages) {
 module.exports = {
     installSyncSaveDev: installSyncSaveDev,
     checkDeps: checkDeps,
-    checkDevDeps: checkDevDeps
+    checkDevDeps: checkDevDeps,
+    checkPackageJson: checkPackageJson
 };
"
Modification of condition statement(MOCS0,MOCS[],PIT and Major,"Multi-line edits and complex structural changes. The patch has 6 changed lines, so it is not considered repairable by simple mutation operators under the >4-line rule.",bid78,Eslint,"diff --git a/lib/linter.js b/lib/linter.js
index 7b3117d9..0b9c6e0d 100755
--- a/lib/linter.js
+++ b/lib/linter.js
@@ -404,7 +404,7 @@ function modifyConfigsFromComments(filename, ast, config, linterContext) {
  * Check if message of rule with ruleId should be ignored in location
  * @param  {Object[]} reportingConfig  Collection of ignore records
  * @param  {string} ruleId   Id of rule
- * @param  {Object} location Location of message
+ * @param  {Object} location 1-indexed location of message
  * @returns {boolean}          True if message should be ignored, false otherwise
  */
 function isDisabledByReportingConfig(reportingConfig, ruleId, location) {
@@ -414,8 +414,8 @@ function isDisabledByReportingConfig(reportingConfig, ruleId, location) {
         const ignore = reportingConfig[i];
 
         if ((!ignore.rule || ignore.rule === ruleId) &&
-            (location.line > ignore.start.line || (location.line === ignore.start.line && location.column >= ignore.start.column)) &&
-            (!ignore.end || (location.line < ignore.end.line || (location.line === ignore.end.line && location.column <= ignore.end.column)))) {
+            (location.line > ignore.start.line || (location.line === ignore.start.line && location.column > ignore.start.column)) &&
+            (!ignore.end || (location.line < ignore.end.line || (location.line === ignore.end.line && location.column - 1 <= ignore.end.column)))) {
             return true;
         }
     }
"
Condition Insertion (CI),CI[],PIT and Major,"The patch inserts a condition or conditional guard. Therefore, it corresponds to Condition Insertion.",bid79,Eslint,"diff --git a/lib/rules/spaced-comment.js b/lib/rules/spaced-comment.js
index 9b3670d3..3548da6b 100644
--- a/lib/rules/spaced-comment.js
+++ b/lib/rules/spaced-comment.js
@@ -342,7 +342,7 @@ module.exports = {
                     }
                 }
 
-                if (balanced && !endMatch) {
+                if (balanced && type === ""block"" && !endMatch) {
                     reportEnd(node, ""Expected space or tab before '*/' in comment"");
                 }
             } else {
@@ -354,7 +354,7 @@ module.exports = {
                     }
                 }
 
-                if (endMatch && balanced) {
+                if (balanced && type === ""block"" && endMatch) {
                     reportEnd(node, ""Unexpected space or tab before '*/' in comment"", endMatch);
                 }
             }
"
Condition Insertion (CI),CI[],PIT and Major,"The patch inserts a condition or conditional guard. Therefore, it corresponds to Condition Insertion.",bid80,Eslint,"diff --git a/lib/rules/prefer-destructuring.js b/lib/rules/prefer-destructuring.js
index c3fbcaa6..38e8e290 100644
--- a/lib/rules/prefer-destructuring.js
+++ b/lib/rules/prefer-destructuring.js
@@ -158,7 +158,9 @@ module.exports = {
          * @returns {void}
          */
         function checkAssigmentExpression(node) {
-            performCheck(node.left, node.right, node);
+            if (node.operator === ""="") {
+                performCheck(node.left, node.right, node);
+            }
         }
 
         //--------------------------------------------------------------------------
"
Method Call Replacement (MCR),MCR[],PIT and Major,"The patch replaces or removes a method/function call. Therefore, it corresponds to Method Call Replacement / Removal.",bid81,Eslint,"diff --git a/lib/rules/indent.js b/lib/rules/indent.js
index 7d43a1f0..a238c4ac 100644
--- a/lib/rules/indent.js
+++ b/lib/rules/indent.js
@@ -1189,9 +1189,11 @@ module.exports = {
             VariableDeclarator(node) {
                 if (node.init) {
                     const equalOperator = sourceCode.getTokenBefore(node.init, astUtils.isNotOpeningParenToken);
+                    const tokenAfterOperator = sourceCode.getTokenAfter(equalOperator);
 
                     offsets.ignoreToken(equalOperator);
-                    offsets.ignoreToken(sourceCode.getFirstToken(node.init));
+                    offsets.ignoreToken(tokenAfterOperator);
+                    offsets.matchIndentOf(equalOperator, tokenAfterOperator);
                 }
             },
 
"
"Condition(CI), Modification of condition Statement(MOCS),Statement(SI)","CI[],MOCS[],SI[]",PIT and Major,"Multi-line edits and complex structural changes. The patch has 15 changed lines, so it is not considered repairable by simple mutation operators under the >4-line rule.",bid82,Eslint,"diff --git a/lib/rules/no-invalid-regexp.js b/lib/rules/no-invalid-regexp.js
index e57029c9..7169e0ca 100644
--- a/lib/rules/no-invalid-regexp.js
+++ b/lib/rules/no-invalid-regexp.js
@@ -98,20 +98,17 @@ module.exports = {
                     return;
                 }
                 const pattern = node.arguments[0].value;
-                let flags = """";
+                let flags = isString(node.arguments[1]) ? node.arguments[1].value : """";
 
-                if (node.arguments[1]) {
-                    flags = isString(node.arguments[1]) ? node.arguments[1].value : null;
-                    if (allowedFlags) {
-                        flags = flags.replace(allowedFlags, """");
-                    }
+                if (allowedFlags) {
+                    flags = flags.replace(allowedFlags, """");
                 }
 
                 // If flags are unknown, check both are errored or not.
                 const message = validateRegExpFlags(flags) || (
-                    (flags === null)
-                        ? validateRegExpPattern(pattern, true) && validateRegExpPattern(pattern, false)
-                        : validateRegExpPattern(pattern, flags.indexOf(""u"") !== -1)
+                    flags
+                        ? validateRegExpPattern(pattern, flags.indexOf(""u"") !== -1)
+                        : validateRegExpPattern(pattern, true) && validateRegExpPattern(pattern, false)
                 );
 
                 if (message) {
"
Bitwise Operator Replacement (BWO),BWO[],PIT and Major,Bitwise operator changed,bid83,Eslint,"diff --git a/lib/eslint.js b/lib/eslint.js
index efe1678d..14362b2c 100755
--- a/lib/eslint.js
+++ b/lib/eslint.js
@@ -977,7 +977,7 @@ module.exports = (function() {
         }
 
         if (opts) {
-            message = message.replace(/\{\{\s*(.+?)\s*\}\}/g, function(fullMatch, term) {
+            message = message.replace(/\{\{\s*([^{}]+?)\s*\}\}/g, function(fullMatch, term) {
                 if (term in opts) {
                     return opts[term];
                 }
"
no,no,no,"Multi-line edits and complex structural changes. The patch has 36 changed lines, so it is not considered repairable by simple mutation operators under the >4-line rule.",bid84,Eslint,"diff --git a/lib/rules/quotes.js b/lib/rules/quotes.js
index 41b275e2..aa8b02ea 100644
--- a/lib/rules/quotes.js
+++ b/lib/rules/quotes.js
@@ -81,10 +81,6 @@ module.exports = function(context) {
      * @private
      */
     function isPartOfDirectivePrologue(node) {
-        if (!isDirective(node.parent)) {
-            return false;
-        }
-
         var block = node.parent.parent;
         if (block.type !== ""Program"" && (block.type !== ""BlockStatement"" || !FUNCTION_TYPE.test(block.parent.type))) {
             return false;
@@ -105,6 +101,36 @@ module.exports = function(context) {
         return false;
     }
 
+    /**
+     * Checks whether or not a given node is allowed as non backtick.
+     * @param {ASTNode} node - A node to check.
+     * @returns {boolean} Whether or not the node is allowed as non backtick.
+     * @private
+     */
+    function isAllowedAsNonBacktick(node) {
+        var parent = node.parent;
+
+        switch (parent.type) {
+            // Directive Prologues.
+            case ""ExpressionStatement"":
+                return isPartOfDirectivePrologue(node);
+
+            // LiteralPropertyName.
+            case ""Property"":
+                return parent.key === node && !parent.computed;
+
+            // ModuleSpecifier.
+            case ""ImportDeclaration"":
+            case ""ExportNamedDeclaration"":
+            case ""ExportAllDeclaration"":
+                return parent.source === node;
+
+            // Others don't allow.
+            default:
+                return false;
+        }
+    }
+
     return {
 
         ""Literal"": function(node) {
@@ -116,7 +142,7 @@ module.exports = function(context) {
                 isValid;
 
             if (settings && typeof val === ""string"") {
-                isValid = (quoteOption === ""backtick"" && isPartOfDirectivePrologue(node)) || isJSXElement(node.parent) || isSurroundedBy(rawVal, settings.quote);
+                isValid = (quoteOption === ""backtick"" && isAllowedAsNonBacktick(node)) || isJSXElement(node.parent) || isSurroundedBy(rawVal, settings.quote);
 
                 if (!isValid && avoidEscape) {
                     isValid = isSurroundedBy(rawVal, settings.alternateQuote) && rawVal.indexOf(settings.quote) >= 0;
"
"Condition insertion(CI),Statement insertion(SI), Modification of return Value(MRV)","CI[],SI[],MRV[]",PIT and Major,"Multi-line edits and complex structural changes. The patch has 7 changed lines, so it is not considered repairable by simple mutation operators under the >4-line rule.",bid85,Eslint,"diff --git a/lib/rules/no-extra-parens.js b/lib/rules/no-extra-parens.js
index 42c2bda9..42a86484 100644
--- a/lib/rules/no-extra-parens.js
+++ b/lib/rules/no-extra-parens.js
@@ -345,6 +345,11 @@ module.exports = {
         function report(node) {
             const leftParenToken = sourceCode.getTokenBefore(node);
             const rightParenToken = sourceCode.getTokenAfter(node);
+            const tokenBeforeLeftParen = sourceCode.getTokenBefore(leftParenToken);
+
+            if (tokenBeforeLeftParen && astUtils.isArrowToken(tokenBeforeLeftParen) && astUtils.isOpeningBraceToken(sourceCode.getFirstToken(node))) {
+                return;
+            }
 
             context.report({
                 node,
@@ -481,7 +486,7 @@ module.exports = {
                 }
 
                 if (node.body.type !== ""BlockStatement"") {
-                    if (sourceCode.getFirstToken(node.body).value !== ""{"" && hasExcessParens(node.body) && precedence(node.body) >= PRECEDENCE_OF_ASSIGNMENT_EXPR) {
+                    if (hasExcessParens(node.body) && precedence(node.body) >= PRECEDENCE_OF_ASSIGNMENT_EXPR) {
                         report(node.body);
                         return;
                     }
"
Reference Assignment Replacement (RAR),RAR[],PIT and Major,Assignment reference changed,bid86,Eslint,"diff --git a/lib/rules/operator-assignment.js b/lib/rules/operator-assignment.js
index a6bbb177..43f21abc 100644
--- a/lib/rules/operator-assignment.js
+++ b/lib/rules/operator-assignment.js
@@ -135,7 +135,7 @@ module.exports = {
                                 const equalsToken = getOperatorToken(node);
                                 const operatorToken = getOperatorToken(expr);
                                 const leftText = sourceCode.getText().slice(node.range[0], equalsToken.range[0]);
-                                const rightText = sourceCode.getText().slice(operatorToken.range[1], node.range[1]);
+                                const rightText = sourceCode.getText().slice(operatorToken.range[1], expr.right.range[1]);
 
                                 return fixer.replaceText(node, `${leftText}${expr.operator}=${rightText}`);
                             }
"
no,no,no,"Multi-line edits and complex structural changes. The patch has 31 changed lines, so it is not considered repairable by simple mutation operators under the >4-line rule.",bid87,Eslint,"diff --git a/lib/rules/space-before-keywords.js b/lib/rules/space-before-keywords.js
index 4322cbb3..73be7a07 100644
--- a/lib/rules/space-before-keywords.js
+++ b/lib/rules/space-before-keywords.js
@@ -72,7 +72,7 @@ module.exports = function(context) {
         }
 
         options = options || {};
-        options.allowedPrecedingChars = options.allowedPrecedingChars || [];
+        options.allowedPrecedingChars = options.allowedPrecedingChars || [ ""{"" ];
         options.requireSpace = typeof options.requireSpace === ""undefined"" ? SPACE_REQUIRED : options.requireSpace;
 
         var hasSpace = sourceCode.isSpaceBetweenTokens(left, right);
@@ -155,7 +155,7 @@ module.exports = function(context) {
                 check(caseNode);
             });
         },
-        ThrowStatement: check,
+        ""ThrowStatement"": check,
         ""TryStatement"": function(node) {
             // try
             check(node);
@@ -169,7 +169,7 @@ module.exports = function(context) {
         },
         ""WithStatement"": check,
         ""VariableDeclaration"": function(node) {
-            check(node, { allowedPrecedingChars: [ ""("" ] });
+            check(node, { allowedPrecedingChars: [ ""("", ""{"" ] });
         },
         ""ReturnStatement"": check,
         ""BreakStatement"": check,
@@ -179,23 +179,22 @@ module.exports = function(context) {
         ""FunctionExpression"": function(node) {
 
             var left = context.getTokenBefore(node);
-
-            // Check to see if the function expression is a class method
-            if (node.parent && node.parent.type === ""MethodDefinition"") {
-                return;
-            }
-
-            // Check to see if the function expression is an object literal shorthand method
-            if (node.parent && node.parent.method && node.parent.type === ""Property"") {
-                return;
-            }
-
             var right = context.getFirstToken(node);
+            var isClassMethod = node.parent && node.parent.type === ""MethodDefinition"";
+            var isObjectShorthandMethod = node.parent && node.parent.method && node.parent.type === ""Property"";
+
+            // If the function expression is a class method or an object literal shorthand method
+            // the first token (`right`) will match the function parentheses while `left` will match
+            // the function identifier. Thus, we want to grab the tokens that are one more to the left.
+            if (isClassMethod || isObjectShorthandMethod) {
+                right = left;
+                left = context.getTokenBefore(left);
+            }
 
-            checkTokens(node, left, right, { allowedPrecedingChars: [ ""("" ] });
+            checkTokens(node, left, right, { allowedPrecedingChars: [ ""("", ""{"" ] });
         },
         ""YieldExpression"": function(node) {
-            check(node, { allowedPrecedingChars: [ ""("" ] });
+            check(node, { allowedPrecedingChars: [ ""("", ""{"" ] });
         },
         ""ForOfStatement"": check,
         ""ClassBody"": function(node) {
"
no,no,no,"Multi-line edits and complex structural changes. The patch has 19 changed lines, so it is not considered repairable by simple mutation operators under the >4-line rule.",bid88,Eslint,"diff --git a/lib/ast-utils.js b/lib/ast-utils.js
index 38f6cc96..4f23e5ff 100644
--- a/lib/ast-utils.js
+++ b/lib/ast-utils.js
@@ -290,8 +290,23 @@ const lineIndexCache = new WeakMap();
 function getLineIndices(sourceCode) {
 
     if (!lineIndexCache.has(sourceCode)) {
-        const lineIndices = (sourceCode.text.match(/[^\r\n\u2028\u2029]*(\r\n|\r|\n|\u2028|\u2029)/g) || [])
-            .reduce((indices, line) => indices.concat(indices[indices.length - 1] + line.length), [0]);
+        const lineIndices = [0];
+        const lineEndingPattern = /\r\n|[\r\n\u2028\u2029]/g;
+        let match;
+
+        /*
+         * Previously, this function was implemented using a regex that
+         * matched a sequence of non-linebreak characters followed by a
+         * linebreak, then adding the lengths of the matches. However,
+         * this caused a catastrophic backtracking issue when the end
+         * of a file contained a large number of non-newline characters.
+         * To avoid this, the current implementation just matches newlines
+         * and uses match.index to get the correct line start indices.
+         */
+
+        while ((match = lineEndingPattern.exec(sourceCode.text))) {
+            lineIndices.push(match.index + match[0].length);
+        }
 
         // Store the sourceCode object in a WeakMap to avoid iterating over all of the lines every time a sourceCode object is passed in.
         lineIndexCache.set(sourceCode, lineIndices);
"
"Condition insertion(CI), Modification of Return Value(MRV)","CI[],MRV[]",PIT and Major,"Multi-line edits and complex structural changes. The patch has 9 changed lines, so it is not considered repairable by simple mutation operators under the >4-line rule.",bid89,Eslint,"diff --git a/lib/rules/func-call-spacing.js b/lib/rules/func-call-spacing.js
index 417f2bdf..5c416f03 100644
--- a/lib/rules/func-call-spacing.js
+++ b/lib/rules/func-call-spacing.js
@@ -120,7 +120,14 @@ module.exports = {
                     loc: lastCalleeToken.loc.start,
                     message: ""Unexpected space between function name and paren."",
                     fix(fixer) {
-                        return fixer.removeRange([prevToken.range[1], parenToken.range[0]]);
+
+                        // Only autofix if there is no newline
+                        // https://github.com/eslint/eslint/issues/7787
+                        if (!hasNewline) {
+                            return fixer.removeRange([prevToken.range[1], parenToken.range[0]]);
+                        }
+
+                        return null;
                     }
                 });
             } else if (!never && !hasWhitespace) {
"
"Statement Deletion (SD), Method call replacement(MCR)","SD[],MCR[]",PIT and Major,"Multi-line edits and complex structural changes. The patch has 5 changed lines, so it is not considered repairable by simple mutation operators under the >4-line rule.",bid90,Eslint,"diff --git a/lib/config/config-file.js b/lib/config/config-file.js
index e6859187..4e25887f 100644
--- a/lib/config/config-file.js
+++ b/lib/config/config-file.js
@@ -495,7 +495,6 @@ function resolve(filePath, relativeTo) {
 function load(filePath, applyEnvironments, relativeTo) {
     var resolvedPath = resolve(filePath, relativeTo),
         dirname = path.dirname(resolvedPath.filePath),
-        basedir = getBaseDir(dirname),
         lookupPath = getLookupPath(dirname),
         config = loadConfigFile(resolvedPath);
 
@@ -514,7 +513,7 @@ function load(filePath, applyEnvironments, relativeTo) {
         // include full path of parser if present
         if (config.parser) {
             if (isFilePath(config.parser)) {
-                config.parser = path.resolve(basedir || """", config.parser);
+                config.parser = path.resolve(dirname || """", config.parser);
             } else {
                 config.parser = resolver.resolve(config.parser, lookupPath);
             }
@@ -528,7 +527,7 @@ function load(filePath, applyEnvironments, relativeTo) {
          * a ""parent"". Load the referenced file and merge the configuration recursively.
          */
         if (config.extends) {
-            config = applyExtends(config, filePath, basedir);
+            config = applyExtends(config, filePath, dirname);
         }
 
         if (config.env && applyEnvironments) {
"
"Statament insertion(SI0,Modification of return value","SI[],MRV[]",PIT and Major,"Multi-line edits and complex structural changes. The patch has 5 changed lines, so it is not considered repairable by simple mutation operators under the >4-line rule.",bid91,Eslint,"diff --git a/lib/rules/prefer-arrow-callback.js b/lib/rules/prefer-arrow-callback.js
index dd2505cb..80ae2d4a 100644
--- a/lib/rules/prefer-arrow-callback.js
+++ b/lib/rules/prefer-arrow-callback.js
@@ -275,16 +275,17 @@ module.exports = {
 
                             const paramsLeftParen = node.params.length ? sourceCode.getTokenBefore(node.params[0]) : sourceCode.getTokenBefore(node.body, 1);
                             const paramsRightParen = sourceCode.getTokenBefore(node.body);
+                            const asyncKeyword = node.async ? ""async "" : """";
                             const paramsFullText = sourceCode.text.slice(paramsLeftParen.range[0], paramsRightParen.range[1]);
 
                             if (callbackInfo.isLexicalThis) {
 
                                 // If the callback function has `.bind(this)`, replace it with an arrow function and remove the binding.
-                                return fixer.replaceText(node.parent.parent, paramsFullText + "" => "" + sourceCode.getText(node.body));
+                                return fixer.replaceText(node.parent.parent, asyncKeyword + paramsFullText + "" => "" + sourceCode.getText(node.body));
                             }
 
                             // Otherwise, only replace the `function` keyword and parameters with the arrow function parameters.
-                            return fixer.replaceTextRange([node.start, node.body.start], paramsFullText + "" => "");
+                            return fixer.replaceTextRange([node.start, node.body.start], asyncKeyword + paramsFullText + "" => "");
                         }
                     });
                 }
"
no,no,no,"Multi-line edits and complex structural changes. The patch has 44 changed lines, so it is not considered repairable by simple mutation operators under the >4-line rule.",bid92,Eslint,"diff --git a/lib/rules/keyword-spacing.js b/lib/rules/keyword-spacing.js
index 8e4b774b..4a6a0245 100644
--- a/lib/rules/keyword-spacing.js
+++ b/lib/rules/keyword-spacing.js
@@ -23,7 +23,7 @@ const NEXT_TOKEN_M = /^[\{*]$/;
 const TEMPLATE_OPEN_PAREN = /\$\{$/;
 const TEMPLATE_CLOSE_PAREN = /^\}/;
 const CHECK_TYPE = /^(?:JSXElement|RegularExpression|String|Template)$/;
-const KEYS = keywords.concat([""as"", ""await"", ""from"", ""get"", ""let"", ""of"", ""set"", ""yield""]);
+const KEYS = keywords.concat([""as"", ""async"", ""await"", ""from"", ""get"", ""let"", ""of"", ""set"", ""yield""]);
 
 // check duplications.
 (function() {
@@ -352,6 +352,23 @@ module.exports = {
             }
         }
 
+        /**
+         * Reports `async` or `function` keywords of a given node if usage of
+         * spacing around those keywords is invalid.
+         *
+         * @param {ASTNode} node - A node to report.
+         * @returns {void}
+         */
+        function checkSpacingForFunction(node) {
+            const firstToken = node && sourceCode.getFirstToken(node);
+
+            if (firstToken &&
+                (firstToken.type === ""Keyword"" || firstToken.value === ""async"")
+            ) {
+                checkSpacingBefore(firstToken);
+            }
+        }
+
         /**
          * Reports `class` and `extends` keywords of a given node if usage of
          * spacing around those keywords is invalid.
@@ -482,7 +499,13 @@ module.exports = {
             if (node.static) {
                 checkSpacingAroundFirstToken(node);
             }
-            if (node.kind === ""get"" || node.kind === ""set"") {
+            if (node.kind === ""get"" ||
+                node.kind === ""set"" ||
+                (
+                    (node.method || node.type === ""MethodDefinition"") &&
+                    node.value.async
+                )
+            ) {
                 const token = sourceCode.getFirstToken(
                     node,
                     node.static ? 1 : 0
@@ -492,6 +515,17 @@ module.exports = {
             }
         }
 
+        /**
+         * Reports `await` keyword of a given node if usage of spacing before
+         * this keyword is invalid.
+         *
+         * @param {ASTNode} node - A node to report.
+         * @returns {void}
+         */
+        function checkSpacingForAwaitExpression(node) {
+            checkSpacingBefore(sourceCode.getFirstToken(node));
+        }
+
         return {
 
             // Statements
@@ -522,13 +556,15 @@ module.exports = {
             ExportNamedDeclaration: checkSpacingForModuleDeclaration,
             ExportDefaultDeclaration: checkSpacingAroundFirstToken,
             ExportAllDeclaration: checkSpacingForModuleDeclaration,
-            FunctionDeclaration: checkSpacingBeforeFirstToken,
+            FunctionDeclaration: checkSpacingForFunction,
             ImportDeclaration: checkSpacingForModuleDeclaration,
             VariableDeclaration: checkSpacingAroundFirstToken,
 
             // Expressions
+            ArrowFunctionExpression: checkSpacingForFunction,
+            AwaitExpression: checkSpacingForAwaitExpression,
             ClassExpression: checkSpacingForClass,
-            FunctionExpression: checkSpacingBeforeFirstToken,
+            FunctionExpression: checkSpacingForFunction,
             NewExpression: checkSpacingBeforeFirstToken,
             Super: checkSpacingBeforeFirstToken,
             ThisExpression: checkSpacingBeforeFirstToken,
"
Logical Operator Replacement (LOR),LOR[],PIT and Major,"The patch modifies a logical operator such as && or ||. Therefore, it corresponds to Logical Operator Replacement.",bid93,Eslint,"diff --git a/lib/eslint.js b/lib/eslint.js
index eff30d70..5980cfa2 100755
--- a/lib/eslint.js
+++ b/lib/eslint.js
@@ -908,7 +908,7 @@ module.exports = (function() {
             case ""ArrowFunctionExpression"":
             case ""FunctionExpression"":
 
-                if (parent.type !== ""CallExpression"" || parent.callee !== node) {
+                if (parent.type !== ""CallExpression"") {
                     while (parent && !parent.leadingComments && !/Function/.test(parent.type)) {
                         parent = parent.parent;
                     }
"
no,no,no,"Multi-line edits and complex structural changes. The patch has 21 changed lines, so it is not considered repairable by simple mutation operators under the >4-line rule.",bid94,Eslint,"diff --git a/lib/rules/no-unused-vars.js b/lib/rules/no-unused-vars.js
index 05940d59..04c2bc87 100644
--- a/lib/rules/no-unused-vars.js
+++ b/lib/rules/no-unused-vars.js
@@ -105,26 +105,21 @@ module.exports = {
          * @returns {string} The warning message to be used with this unused variable.
          */
         function getDefinedMessage(unusedVar) {
+            const defType = unusedVar.defs && unusedVar.defs[0] && unusedVar.defs[0].type;
             let type;
             let pattern;
 
-            if (config.varsIgnorePattern) {
+            if (defType === ""CatchClause"" && config.caughtErrorsIgnorePattern) {
+                type = ""args"";
+                pattern = config.caughtErrorsIgnorePattern.toString();
+            } else if (defType === ""Parameter"" && config.argsIgnorePattern) {
+                type = ""args"";
+                pattern = config.argsIgnorePattern.toString();
+            } else if (defType !== ""Parameter"" && config.varsIgnorePattern) {
                 type = ""vars"";
                 pattern = config.varsIgnorePattern.toString();
             }
 
-            if (unusedVar.defs && unusedVar.defs[0] && unusedVar.defs[0].type) {
-                const defType = unusedVar.defs[0].type;
-
-                if (defType === ""CatchClause"" && config.caughtErrorsIgnorePattern) {
-                    type = ""args"";
-                    pattern = config.caughtErrorsIgnorePattern.toString();
-                } else if (defType === ""Parameter"" && config.argsIgnorePattern) {
-                    type = ""args"";
-                    pattern = config.argsIgnorePattern.toString();
-                }
-            }
-
             const additional = type ? ` Allowed unused ${type} must match ${pattern}.` : """";
 
             return `'{{name}}' is defined but never used.${additional}`;
"
no,no,no,"Multi-line edits and complex structural changes. The patch has 23 changed lines, so it is not considered repairable by simple mutation operators under the >4-line rule.",bid95,Eslint,"diff --git a/lib/rules/keyword-spacing.js b/lib/rules/keyword-spacing.js
index b2d42748..218cfd02 100644
--- a/lib/rules/keyword-spacing.js
+++ b/lib/rules/keyword-spacing.js
@@ -359,7 +359,8 @@ module.exports = {
             const firstToken = node && sourceCode.getFirstToken(node);
 
             if (firstToken &&
-                (firstToken.type === ""Keyword"" || firstToken.value === ""async"")
+                ((firstToken.type === ""Keyword"" && firstToken.value === ""function"") ||
+                firstToken.value === ""async"")
             ) {
                 checkSpacingBefore(firstToken);
             }
@@ -495,11 +496,25 @@ module.exports = {
                     node.value.async
                 )
             ) {
-                const token = sourceCode.getFirstToken(
-                    node,
-                    node.static ? 1 : 0
+                const token = sourceCode.getTokenBefore(
+                    node.key,
+                    tok => {
+                        switch (tok.value) {
+                            case ""get"":
+                            case ""set"":
+                            case ""async"":
+                                return true;
+                            default:
+                                return false;
+                        }
+                    }
                 );
 
+                if (!token) {
+                    throw new Error(""Failed to find token get, set, or async beside method name"");
+                }
+
+
                 checkSpacingAround(token);
             }
         }
"
Method call replacement(MCR),Method call replacement[MCR],PIT and Major,"Multi-line edits and complex structural changes. The patch has 15 changed lines, so it is not considered repairable by simple mutation operators under the >4-line rule.",bid96,Eslint,"diff --git a/lib/rules/object-curly-newline.js b/lib/rules/object-curly-newline.js
index d4a3a85d..34e267d6 100644
--- a/lib/rules/object-curly-newline.js
+++ b/lib/rules/object-curly-newline.js
@@ -128,8 +128,8 @@ module.exports = {
             var options = normalizedOptions[node.type];
             var openBrace = sourceCode.getFirstToken(node);
             var closeBrace = sourceCode.getLastToken(node);
-            var first = sourceCode.getTokenAfter(openBrace);
-            var last = sourceCode.getTokenBefore(closeBrace);
+            var first = sourceCode.getTokenOrCommentAfter(openBrace);
+            var last = sourceCode.getTokenOrCommentBefore(closeBrace);
             var needsLinebreaks = (
                 node.properties.length >= options.minProperties ||
                 (
@@ -139,6 +139,17 @@ module.exports = {
                 )
             );
 
+            /*
+             * Use tokens or comments to check multiline or not.
+             * But use only tokens to check whether line breaks are needed.
+             * This allows:
+             *     var obj = { // eslint-disable-line foo
+             *         a: 1
+             *     }
+             */
+            first = sourceCode.getTokenAfter(openBrace);
+            last = sourceCode.getTokenBefore(closeBrace);
+
             if (needsLinebreaks) {
                 if (astUtils.isTokenOnSameLine(openBrace, first)) {
                     context.report({
"
Logical Operator Replacement (LOR),LOR[],PIT and Major,"The patch modifies a logical operator such as && or ||. Therefore, it corresponds to Logical Operator Replacement.",bid97,Eslint,"diff --git a/lib/rules/space-infix-ops.js b/lib/rules/space-infix-ops.js
index 9831e8e2..d919a122 100644
--- a/lib/rules/space-infix-ops.js
+++ b/lib/rules/space-infix-ops.js
@@ -57,7 +57,7 @@ module.exports = {
                 const op = tokens[i];
 
                 if (
-                    op.type === ""Punctuator"" &&
+                    (op.type === ""Punctuator"" || op.type === ""Keyword"") &&
                     OPERATORS.indexOf(op.value) >= 0 &&
                     (tokens[i - 1].range[1] >= op.range[0] || op.range[1] >= tokens[i + 1].range[0])
                 ) {
"
Method Parameter Modification (MPM),MPM[],PIT and Major,"The patch modifies the argument list of an existing method/function call. Therefore, it corresponds to Method Parameter Modification.",bid98,Eslint,"diff --git a/lib/formatters/codeframe.js b/lib/formatters/codeframe.js
index ed50ae60..0b97a0d8 100644
--- a/lib/formatters/codeframe.js
+++ b/lib/formatters/codeframe.js
@@ -47,7 +47,7 @@ function formatFilePath(filePath, line, column) {
  */
 function formatMessage(message, parentResult) {
     const type = (message.fatal || message.severity === 2) ? chalk.red(""error"") : chalk.yellow(""warning"");
-    const msg = `${chalk.bold(message.message.replace(/\.$/, """"))}`;
+    const msg = `${chalk.bold(message.message.replace(/([^ ])\.$/, ""$1""))}`;
     const ruleId = message.fatal ? """" : chalk.dim(`(${message.ruleId})`);
     const filePath = formatFilePath(parentResult.filePath, message.line, message.column);
     const sourceCode = parentResult.output ? parentResult.output : parentResult.source;
diff --git a/lib/formatters/stylish.js b/lib/formatters/stylish.js
index 023ebc1d..e586fe85 100644
--- a/lib/formatters/stylish.js
+++ b/lib/formatters/stylish.js
@@ -65,7 +65,7 @@ module.exports = function(results) {
                     message.line || 0,
                     message.column || 0,
                     messageType,
-                    message.message.replace(/\.$/, """"),
+                    message.message.replace(/([^ ])\.$/, ""$1""),
                     chalk.dim(message.ruleId || """")
                 ];
             }),
"
Modification of Return Value (MRV),MRV[],PIT and Major,"Multi-line edits and complex structural changes. The patch has 7 changed lines, so it is not considered repairable by simple mutation operators under the >4-line rule.",bid99,Eslint,"diff --git a/lib/rules/comma-dangle.js b/lib/rules/comma-dangle.js
index 6a737227..2c145a18 100644
--- a/lib/rules/comma-dangle.js
+++ b/lib/rules/comma-dangle.js
@@ -13,14 +13,17 @@ const lodash = require(""lodash"");
 
 /**
  * Checks whether or not a trailing comma is allowed in a given node.
- * `ArrayPattern` which has `RestElement` disallows it.
+ * `ArrayPattern` which has `RestElement` or `ObjectPattern` which has `RestProperty` disallows it.
  *
  * @param {ASTNode} node - A node to check.
  * @param {ASTNode} lastItem - The node of the last element in the given node.
  * @returns {boolean} `true` if a trailing comma is allowed.
  */
 function isTrailingCommaAllowed(node, lastItem) {
-    return node.type !== ""ArrayPattern"" || lastItem.type !== ""RestElement"";
+    return !(
+        (node.type === ""ArrayPattern"" && lastItem.type === ""RestElement"") ||
+        (node.type === ""ObjectPattern"" && (lastItem.type === ""RestProperty"" || lastItem.type === ""ExperimentalRestProperty""))
+    );
 }
 
 //------------------------------------------------------------------------------
"
Variable Assignment (VA),VA[],PIT and Major,variable assignment inserted,bid100,Eslint,"diff --git a/lib/rules/no-multiple-empty-lines.js b/lib/rules/no-multiple-empty-lines.js
index 39f325d3..d5485df1 100644
--- a/lib/rules/no-multiple-empty-lines.js
+++ b/lib/rules/no-multiple-empty-lines.js
@@ -122,6 +122,8 @@ module.exports = {
 
                 // Aggregate and count blank lines
                 if (firstNonBlankLine > maxBOF) {
+                    currentLocation = firstNonBlankLine - 1;
+
                     context.report(node, 0,
                             ""Too many blank lines at the beginning of file. Max of "" + maxBOF + "" allowed."");
                 }
"
no,no,no,"Multi-line edits and complex structural changes. The patch has 14 changed lines, so it is not considered repairable by simple mutation operators under the >4-line rule.",bid101,Eslint,"diff --git a/lib/rules/no-use-before-define.js b/lib/rules/no-use-before-define.js
index a785bee0..08c7f9fb 100644
--- a/lib/rules/no-use-before-define.js
+++ b/lib/rules/no-use-before-define.js
@@ -10,6 +10,7 @@
 //------------------------------------------------------------------------------
 
 var SENTINEL_TYPE = /^(?:(?:Function|Class)(?:Declaration|Expression)|ArrowFunctionExpression|CatchClause|ImportDeclaration|ExportNamedDeclaration)$/;
+var FOR_IN_OF_TYPE = /^For(?:In|Of)Statement$/;
 
 /**
  * Parses a given value as options.
@@ -87,6 +88,14 @@ function isInRange(node, location) {
 /**
  * Checks whether or not a given reference is inside of the initializers of a given variable.
  *
+ * This returns `true` in the following cases:
+ *
+ *     var a = a
+ *     var [a = a] = list
+ *     var {a = a} = obj
+ *     for (var a in a) {}
+ *     for (var a of a) {}
+ *
  * @param {Variable} variable - A variable to check.
  * @param {Reference} reference - A reference to check.
  * @returns {boolean} `true` if the reference is inside of the initializers.
@@ -104,6 +113,11 @@ function isInInitializer(variable, reference) {
             if (isInRange(node.init, location)) {
                 return true;
             }
+            if (FOR_IN_OF_TYPE.test(node.parent.parent.type) &&
+                isInRange(node.parent.parent.right, location)
+            ) {
+                return true;
+            }
             break;
         } else if (node.type === ""AssignmentPattern"") {
             if (isInRange(node.right, location)) {
"
Method call replacement(MCR),MCR[],PIT and Major,"Multi-line edits and complex structural changes. The patch has 8 changed lines, so it is not considered repairable by simple mutation operators under the >4-line rule.",bid102,Eslint,"diff --git a/lib/testers/rule-tester.js b/lib/testers/rule-tester.js
index 857e290c..0053080d 100644
--- a/lib/testers/rule-tester.js
+++ b/lib/testers/rule-tester.js
@@ -358,12 +358,12 @@ RuleTester.prototype = {
 
 
             if (typeof item.errors === ""number"") {
-                assert.equal(messages.length, item.errors, util.format(""Should have %d errors but had %d: %s"",
-                    item.errors, messages.length, util.inspect(messages)));
+                assert.equal(messages.length, item.errors, util.format(""Should have %d error%s but had %d: %s"",
+                    item.errors, item.errors === 1 ? """" : ""s"", messages.length, util.inspect(messages)));
             } else {
                 assert.equal(messages.length, item.errors.length,
-                    util.format(""Should have %d errors but had %d: %s"",
-                    item.errors.length, messages.length, util.inspect(messages)));
+                    util.format(""Should have %d error%s but had %d: %s"",
+                    item.errors.length, item.errors.length === 1 ? """" : ""s"", messages.length, util.inspect(messages)));
 
                 for (var i = 0, l = item.errors.length; i < l; i++) {
                     assert.ok(!(""fatal"" in messages[i]), ""A fatal parsing error occurred: "" + messages[i].message);
"
Logical Operator Replacement (LOR),LOR[],PIT and Major,"The patch modifies a logical operator such as && or ||. Therefore, it corresponds to Logical Operator Replacement.",bid103,Eslint,"diff --git a/lib/rules/object-curly-spacing.js b/lib/rules/object-curly-spacing.js
index 11224bbd..e5dfb8d0 100644
--- a/lib/rules/object-curly-spacing.js
+++ b/lib/rules/object-curly-spacing.js
@@ -171,7 +171,7 @@ module.exports = {
 
                 closingCurlyBraceMustBeSpaced = (
                     options.arraysInObjectsException && penultimateType === ""ArrayExpression"" ||
-                    options.objectsInObjectsException && penultimateType === ""ObjectExpression""
+                    options.objectsInObjectsException && (penultimateType === ""ObjectExpression"" || penultimateType === ""ObjectPattern"")
                 ) ? !options.spaced : options.spaced;
 
                 lastSpaced = sourceCode.isSpaceBetweenTokens(penultimate, last);
"
no,no,no,"Multi-line edits and complex structural changes. The patch has 12 changed lines, so it is not considered repairable by simple mutation operators under the >4-line rule.",bid104,Eslint,"diff --git a/lib/config/plugins.js b/lib/config/plugins.js
index 11852df5..adfd8a1b 100644
--- a/lib/config/plugins.js
+++ b/lib/config/plugins.js
@@ -156,8 +156,20 @@ class Plugins {
      * @param {string[]} pluginNames An array of plugins names.
      * @returns {void}
      * @throws {Error} If a plugin cannot be loaded.
+     * @throws {Error} If ""plugins"" in config is not an array
      */
     loadAll(pluginNames) {
+
+        // if ""plugins"" in config is not an array, throw an error so user can fix their config.
+        if (!Array.isArray(pluginNames)) {
+            const pluginNotArrayMessage = ""ESLint configuration error: \""plugins\"" value must be an array"";
+
+            debug(`${pluginNotArrayMessage}: ${JSON.stringify(pluginNames)}`);
+
+            throw new Error(pluginNotArrayMessage);
+        }
+
+        // load each plugin by name
         pluginNames.forEach(this.load, this);
     }
 }
"
no,no,no,"Multi-line edits and complex structural changes. The patch has 10 changed lines, so it is not considered repairable by simple mutation operators under the >4-line rule.",bid105,Eslint,"diff --git a/lib/rules/indent.js b/lib/rules/indent.js
index 8872836f..27ee2d40 100644
--- a/lib/rules/indent.js
+++ b/lib/rules/indent.js
@@ -802,10 +802,18 @@ module.exports = {
                 return;
             }
             elements.forEach((element, index) => {
+                if (!element) {
+
+                    // Skip holes in arrays
+                    return;
+                }
                 if (offset === ""off"") {
+
                     offsets.ignoreToken(getFirstToken(element));
                 }
-                if (index === 0 || !element) {
+
+                // Offset the following elements correctly relative to the first element
+                if (index === 0) {
                     return;
                 }
                 if (offset === ""first"" && tokenInfo.isFirstTokenOfLine(getFirstToken(element))) {
"
Statement Insertion (SI),SI[],PIT and Major,"The patch inserts a statement. Therefore, it corresponds to Statement Insertion.",bid106,Eslint,"diff --git a/bin/eslint.js b/bin/eslint.js
index 7c05ad3b..10a7f73d 100755
--- a/bin/eslint.js
+++ b/bin/eslint.js
@@ -47,6 +47,8 @@ process.once(""uncaughtException"", err => {
         console.error(""\nOops! Something went wrong! :("");
         console.error(`\n${template(err.messageData || {})}`);
     } else {
+
+        console.error(err.message);
         console.error(err.stack);
     }
 
"
no,no,no,"Multi-line edits and complex structural changes. The patch has 106 changed lines, so it is not considered repairable by simple mutation operators under the >4-line rule.",bid107,Eslint,"diff --git a/lib/config/config-file.js b/lib/config/config-file.js
index 2c4dde64..4e886b8a 100644
--- a/lib/config/config-file.js
+++ b/lib/config/config-file.js
@@ -183,6 +183,22 @@ function loadPackageJSONConfigFile(filePath) {
     }
 }
 
+/**
+ * Creates an error to notify about a missing config to extend from.
+ * @param {string} configName The name of the missing config.
+ * @returns {Error} The error object to throw
+ * @private
+ */
+function configMissingError(configName) {
+    const error = new Error(`Failed to load config ""${configName}"" to extend from.`);
+
+    error.messageTemplate = ""extend-config-missing"";
+    error.messageData = {
+        configName
+    };
+    return error;
+}
+
 /**
  * Loads a configuration file regardless of the source. Inspects the file path
  * to determine the correctly way to load the config file.
@@ -199,6 +215,9 @@ function loadConfigFile(file) {
             config = loadJSConfigFile(filePath);
             if (file.configName) {
                 config = config.configs[file.configName];
+                if (!config) {
+                    throw configMissingError(file.configFullName);
+                }
             }
             break;
 
@@ -340,6 +359,33 @@ function getLookupPath(configFilePath) {
     return path.join(basedir, ""node_modules"");
 }
 
+/**
+ * Resolves a eslint core config path
+ * @param {string} name The eslint config name.
+ * @returns {string} The resolved path of the config.
+ * @private
+ */
+function getEslintCoreConfigPath(name) {
+    if (name === ""eslint:recommended"") {
+
+       /*
+        * Add an explicit substitution for eslint:recommended to
+        * conf/eslint-recommended.js.
+        */
+        return path.resolve(__dirname, ""../../conf/eslint-recommended.js"");
+    }
+
+    if (name === ""eslint:all"") {
+
+       /*
+        * Add an explicit substitution for eslint:all to conf/eslint-all.js
+        */
+        return path.resolve(__dirname, ""../../conf/eslint-all.js"");
+    }
+
+    throw configMissingError(name);
+}
+
 /**
  * Applies values from the ""extends"" field in a configuration file.
  * @param {Object} config The configuration information.
@@ -360,43 +406,23 @@ function applyExtends(config, filePath, relativeTo) {
 
     // Make the last element in an array take the highest precedence
     config = configExtends.reduceRight((previousValue, parentPath) => {
-
-        if (parentPath === ""eslint:recommended"") {
-
-            /*
-             * Add an explicit substitution for eslint:recommended to
-             * conf/eslint-recommended.js.
-             */
-            parentPath = path.resolve(__dirname, ""../../conf/eslint-recommended.js"");
-        } else if (parentPath === ""eslint:all"") {
-
-            /*
-             * Add an explicit substitution for eslint:all to conf/eslint-all.js
-             */
-            parentPath = path.resolve(__dirname, ""../../conf/eslint-all.js"");
-        } else if (isFilePath(parentPath)) {
-
-            /*
-             * If the `extends` path is relative, use the directory of the current configuration
-             * file as the reference point. Otherwise, use as-is.
-             */
-            parentPath = (!path.isAbsolute(parentPath)
-                ? path.join(relativeTo || path.dirname(filePath), parentPath)
-                : parentPath
-            );
-        }
-
         try {
+            if (parentPath.startsWith(""eslint:"")) {
+                parentPath = getEslintCoreConfigPath(parentPath);
+            } else if (isFilePath(parentPath)) {
+
+                /*
+                 * If the `extends` path is relative, use the directory of the current configuration
+                 * file as the reference point. Otherwise, use as-is.
+                 */
+                parentPath = (path.isAbsolute(parentPath)
+                    ? parentPath
+                    : path.join(relativeTo || path.dirname(filePath), parentPath)
+                );
+            }
             debug(`Loading ${parentPath}`);
             return ConfigOps.merge(load(parentPath, false, relativeTo), previousValue);
         } catch (e) {
-            if (parentPath.indexOf(""plugin:"") === 0 || parentPath.indexOf(""eslint:"") === 0) {
-                e.message = `Failed to load config ""${parentPath}"" to extend from.`;
-                e.messageTemplate = ""extend-config-missing"";
-                e.messageData = {
-                    configName: parentPath
-                };
-            }
 
             /*
              * If the file referenced by `extends` failed to load, add the path
@@ -462,7 +488,10 @@ function normalizePackageName(name, prefix) {
  * or package name.
  * @param {string} filePath The filepath to resolve.
  * @param {string} [relativeTo] The path to resolve relative to.
- * @returns {Object} A path that can be used directly to load the configuration.
+ * @returns {Object} An object containing 3 properties:
+ * - 'filePath' (required) the resolved path that can be used directly to load the configuration.
+ * - 'configName' the name of the configuration inside the plugin.
+ * - 'configFullName' the name of the configuration as used in the eslint config (e.g. 'plugin:node/recommended').
  * @private
  */
 function resolve(filePath, relativeTo) {
@@ -471,14 +500,15 @@ function resolve(filePath, relativeTo) {
     }
     let normalizedPackageName;
 
-    if (filePath.indexOf(""plugin:"") === 0) {
-        const packagePath = filePath.substr(7, filePath.lastIndexOf(""/"") - 7);
+    if (filePath.startsWith(""plugin:"")) {
+        const configFullName = filePath;
+        const pluginName = filePath.substr(7, filePath.lastIndexOf(""/"") - 7);
         const configName = filePath.substr(filePath.lastIndexOf(""/"") + 1, filePath.length - filePath.lastIndexOf(""/"") - 1);
 
-        normalizedPackageName = normalizePackageName(packagePath, ""eslint-plugin"");
+        normalizedPackageName = normalizePackageName(pluginName, ""eslint-plugin"");
         debug(`Attempting to resolve ${normalizedPackageName}`);
         filePath = resolver.resolve(normalizedPackageName, getLookupPath(relativeTo));
-        return { filePath, configName };
+        return { filePath, configName, configFullName };
     }
     normalizedPackageName = normalizePackageName(filePath, ""eslint-config"");
     debug(`Attempting to resolve ${normalizedPackageName}`);
"
"Condition insertion(CI0, Modificationof return Value(MRV)","CI[],MRV[]",PIT and Major,"Multi-line edits and complex structural changes. The patch has 9 changed lines, so it is not considered repairable by simple mutation operators under the >4-line rule.",bid108,Eslint,"diff --git a/lib/rules/quotes.js b/lib/rules/quotes.js
index 61e581f0..6dd0ed99 100644
--- a/lib/rules/quotes.js
+++ b/lib/rules/quotes.js
@@ -268,6 +268,15 @@ module.exports = {
                             description: settings.description,
                         },
                         fix(fixer) {
+                            if (isPartOfDirectivePrologue(node)) {
+
+                                /*
+                                 * TemplateLiterals in a directive prologue aren't actually directives, but if they're
+                                 * in the directive prologue, then fixing them might turn them into directives and change
+                                 * the behavior of the code.
+                                 */
+                                return null;
+                            }
                             return fixer.replaceText(node, settings.convert(sourceCode.getText(node)));
                         }
                     });
"
"Else insertion(ElseI0, Modificationof return value(MRV)","ElseI[],MRV[]",PIT and Major,"The patch inserts a statement. Therefore, it corresponds to Statement Insertion.",bid109,Eslint,"diff --git a/lib/util/source-code.js b/lib/util/source-code.js
index c88937fd..9423dc69 100644
--- a/lib/util/source-code.js
+++ b/lib/util/source-code.js
@@ -238,6 +238,8 @@ SourceCode.prototype = {
                     }
 
                     return parent && (parent.type !== ""FunctionDeclaration"") ? findJSDocComment(parent.leadingComments, parent.loc.start.line) : null;
+                } else if (node.leadingComments) {
+                    return findJSDocComment(node.leadingComments, node.loc.start.line);
                 }
 
             // falls through
"
Method call replacement(MCR),MCR(),PIT and Major,"Multi-line edits and complex structural changes. The patch has 8 changed lines, so it is not considered repairable by simple mutation operators under the >4-line rule.",bid110,Eslint,"diff --git a/lib/rules/yoda.js b/lib/rules/yoda.js
index aeb26523..e463a476 100644
--- a/lib/rules/yoda.js
+++ b/lib/rules/yoda.js
@@ -239,10 +239,10 @@ module.exports = {
         */
         function getFlippedString(node) {
             const operatorToken = sourceCode.getTokensBetween(node.left, node.right).find(token => token.value === node.operator);
-            const textBeforeOperator = sourceCode.getText().slice(node.left.range[1], operatorToken.range[0]);
-            const textAfterOperator = sourceCode.getText().slice(operatorToken.range[1], node.right.range[0]);
-            const leftText = sourceCode.getText(node.left);
-            const rightText = sourceCode.getText(node.right);
+            const textBeforeOperator = sourceCode.getText().slice(sourceCode.getTokenBefore(operatorToken).range[1], operatorToken.range[0]);
+            const textAfterOperator = sourceCode.getText().slice(operatorToken.range[1], sourceCode.getTokenAfter(operatorToken).range[0]);
+            const leftText = sourceCode.getText().slice(sourceCode.getFirstToken(node).range[0], sourceCode.getTokenBefore(operatorToken).range[1]);
+            const rightText = sourceCode.getText().slice(sourceCode.getTokenAfter(operatorToken).range[0], sourceCode.getLastToken(node).range[1]);
 
             return rightText + textBeforeOperator + OPERATOR_FLIP_MAP[operatorToken.value] + textAfterOperator + leftText;
         }
"
no,no,no,"Multi-line edits and complex structural changes. The patch has 20 changed lines, so it is not considered repairable by simple mutation operators under the >4-line rule.",bid111,Eslint,"diff --git a/lib/rules/object-curly-spacing.js b/lib/rules/object-curly-spacing.js
index 3323c99e..1f37e1cb 100644
--- a/lib/rules/object-curly-spacing.js
+++ b/lib/rules/object-curly-spacing.js
@@ -28,6 +28,7 @@ module.exports = function(context) {
 
     var options = {
         spaced: spaced,
+        arraysInObjectsException: isOptionSet(""arraysInObjects""),
         objectsInObjectsException: isOptionSet(""objectsInObjects"")
     };
 
@@ -111,6 +112,7 @@ module.exports = function(context) {
      */
     function validateBraceSpacing(node, first, second, penultimate, last) {
         var closingCurlyBraceMustBeSpaced =
+            options.arraysInObjectsException && penultimate.value === ""]"" ||
             options.objectsInObjectsException && penultimate.value === ""}""
             ? !options.spaced : options.spaced;
 
@@ -210,3 +212,21 @@ module.exports = function(context) {
     };
 
 };
+
+module.exports.schema = [
+    {
+        ""enum"": [""always"", ""never""]
+    },
+    {
+        ""type"": ""object"",
+        ""properties"": {
+            ""arraysInObjects"": {
+                ""type"": ""boolean""
+            },
+            ""objectsInObjects"": {
+                ""type"": ""boolean""
+            }
+        },
+        ""additionalProperties"": false
+    }
+];
"
no,no,no,"Multi-line edits and complex structural changes. The patch has 28 changed lines, so it is not considered repairable by simple mutation operators under the >4-line rule.",bid112,Eslint,"diff --git a/lib/ast-utils.js b/lib/ast-utils.js
index 0f06ee93..c410d37e 100644
--- a/lib/ast-utils.js
+++ b/lib/ast-utils.js
@@ -104,5 +104,22 @@ module.exports = {
      */
     isSurroundedBy: function(val, character) {
         return val[0] === character && val[val.length - 1] === character;
+    },
+
+    /**
+     * Returns whether the provided node is an ESLint directive comment or not
+     * @param {LineComment|BlockComment} node The node to be checked
+     * @returns {boolean} `true` if the node is an ESLint directive comment
+     */
+    isDirectiveComment: function(node) {
+        var comment = node.value.trim();
+        return (
+            node.type === ""Line"" && comment.indexOf(""eslint-"") === 0 ||
+            node.type === ""Block"" && (
+                comment.indexOf(""global "") === 0 ||
+                comment.indexOf(""eslint "") === 0 ||
+                comment.indexOf(""eslint-"") === 0
+            )
+        );
     }
 };
diff --git a/lib/rules/no-inline-comments.js b/lib/rules/no-inline-comments.js
index 4574a05f..4048802b 100644
--- a/lib/rules/no-inline-comments.js
+++ b/lib/rules/no-inline-comments.js
@@ -5,6 +5,8 @@
  */
 ""use strict"";
 
+var astUtils = require(""../ast-utils"");
+
 //------------------------------------------------------------------------------
 // Rule Definition
 //------------------------------------------------------------------------------
@@ -29,7 +31,7 @@ module.exports = function(context) {
         var postamble = endLine.slice(node.loc.end.column).trim();
 
         // Check that this comment isn't an ESLint directive
-        var isDirective = node.value.trim().indexOf(""eslint-"") === 0;
+        var isDirective = astUtils.isDirectiveComment(node);
 
         // Should be empty if there was only whitespace around the comment
         if (!isDirective && (preamble || postamble)) {
diff --git a/lib/rules/no-warning-comments.js b/lib/rules/no-warning-comments.js
index a842c3d7..19140c38 100644
--- a/lib/rules/no-warning-comments.js
+++ b/lib/rules/no-warning-comments.js
@@ -5,6 +5,8 @@
 
 ""use strict"";
 
+var astUtils = require(""../ast-utils"");
+
 //------------------------------------------------------------------------------
 // Rule Definition
 //------------------------------------------------------------------------------
@@ -14,6 +16,7 @@ module.exports = function(context) {
     var configuration = context.options[0] || {},
         warningTerms = configuration.terms || [""todo"", ""fixme"", ""xxx""],
         location = configuration.location || ""start"",
+        selfConfigRegEx = /\bno-warning-comments\b/,
         warningRegExps;
 
     /**
@@ -69,6 +72,10 @@ module.exports = function(context) {
      * @returns {void} undefined.
      */
     function checkComment(node) {
+        if (astUtils.isDirectiveComment(node) && selfConfigRegEx.test(node.value)) {
+            return;
+        }
+
         var matches = commentContainsWarningTerm(node.value);
 
         matches.forEach(function(matchedTerm) {
"
Constant Replacement (CR),CR[],PIT and Major,"The patch modifies a literal constant such as a number, boolean, null/undefined, or similar value. Therefore, it corresponds to Constant Replacement.",bid113,Eslint,"diff --git a/lib/rules/eol-last.js b/lib/rules/eol-last.js
index 03691c69..a8fac6ac 100644
--- a/lib/rules/eol-last.js
+++ b/lib/rules/eol-last.js
@@ -39,7 +39,7 @@ module.exports = {
                 const sourceCode = context.getSourceCode(),
                     src = sourceCode.getText(),
                     location = {
-                        column: 1,
+                        column: lodash.last(sourceCode.lines).length,
                         line: sourceCode.lines.length
                     },
                     LF = ""\n"",
"
"Condition insertion(CI), Modification of Return Value(MRV)","CI[],MRV[]",PIT and Major,"Multi-line edits and complex structural changes. The patch has 9 changed lines, so it is not considered repairable by simple mutation operators under the >4-line rule.",bid114,Eslint,"diff --git a/lib/rules/dot-notation.js b/lib/rules/dot-notation.js
index 55225b8c..142f0f24 100644
--- a/lib/rules/dot-notation.js
+++ b/lib/rules/dot-notation.js
@@ -116,6 +116,15 @@ module.exports = {
                                 return null;
                             }
 
+                            if (node.object.type === ""Identifier"" && node.object.name === ""let"") {
+
+                                /*
+                                 * A statement that starts with `let[` is parsed as a destructuring variable declaration, not
+                                 * a MemberExpression.
+                                 */
+                                return null;
+                            }
+
                             return fixer.replaceTextRange(
                                 [dot.range[0], node.property.range[1]],
                                 `[${textAfterDot}""${node.property.name}""]`
"
no,no,no,"Multi-line edits and complex structural changes. The patch has 21 changed lines, so it is not considered repairable by simple mutation operators under the >4-line rule.",bid115,Eslint,"diff --git a/lib/rules/no-unused-vars.js b/lib/rules/no-unused-vars.js
index b8a5dab0..709711b7 100644
--- a/lib/rules/no-unused-vars.js
+++ b/lib/rules/no-unused-vars.js
@@ -3,20 +3,26 @@
  * @author Ilya Volodin
  */
 
+""use strict"";
+
 //------------------------------------------------------------------------------
 // Rule Definition
 //------------------------------------------------------------------------------
 
 module.exports = function(context) {
 
-    ""use strict"";
-
     var allowUnusedGlobals = context.options[0] === ""all"" ? false : true;
 
     var variables = [];
 
-    function populateVariables() {
-        var scope = context.getScope();
+    function populateVariables(node) {
+        var scope = context.getScope(),
+            functionName = node && node.id && node.id.name,
+            parent = context.getAncestors().pop(),
+
+            // check for function foo(){}.bind(this)
+            functionNameUsed = parent && parent.type === ""MemberExpression"" && parent.property.name === ""bind"";
+
         scope.variables.forEach(function(variable) {
             //filter out global variables that we add as part of eslint or arguments variable
             if (variable.identifiers.length > 0) {
@@ -24,7 +30,12 @@ module.exports = function(context) {
                 if (!variables.some(function(storedVariable) {
                     return storedVariable.name === variable.name && storedVariable.node === variable.identifiers[0];
                 })) {
-                    variables.push({name: variable.name, node: variable.identifiers[0]});
+
+                    variables.push({
+                        name: variable.name,
+                        node: variable.identifiers[0],
+                        used: (variable.name === functionName) && functionNameUsed
+                    });
                 }
             }
         });
"
no,no,no,"Multi-line edits and complex structural changes. The patch has 15 changed lines, so it is not considered repairable by simple mutation operators under the >4-line rule.",bid116,Eslint,"diff --git a/lib/rules/no-extra-boolean-cast.js b/lib/rules/no-extra-boolean-cast.js
index 123a7cac..e7368b07 100644
--- a/lib/rules/no-extra-boolean-cast.js
+++ b/lib/rules/no-extra-boolean-cast.js
@@ -5,6 +5,12 @@
 
 ""use strict"";
 
+//------------------------------------------------------------------------------
+// Requirements
+//------------------------------------------------------------------------------
+
+const astUtils = require(""../ast-utils"");
+
 //------------------------------------------------------------------------------
 // Rule Definition
 //------------------------------------------------------------------------------
@@ -91,7 +97,14 @@ module.exports = {
                     context.report({
                         node,
                         message: ""Redundant Boolean call."",
-                        fix: fixer => fixer.replaceText(node, sourceCode.getText(node.arguments[0]))
+                        fix: fixer => {
+                            const argument = node.arguments[0];
+
+                            if (astUtils.getPrecedence(argument) < astUtils.getPrecedence(node.parent)) {
+                                return fixer.replaceText(node, `(${sourceCode.getText(argument)})`);
+                            }
+                            return fixer.replaceText(node, sourceCode.getText(argument));
+                        }
                     });
                 }
             }
"
no,no,no,"Multi-line edits and complex structural changes. The patch has 13 changed lines, so it is not considered repairable by simple mutation operators under the >4-line rule.",bid117,Eslint,"diff --git a/lib/rules/indent.js b/lib/rules/indent.js
index 6babe29c..78c8bb9a 100644
--- a/lib/rules/indent.js
+++ b/lib/rules/indent.js
@@ -1375,13 +1375,14 @@ module.exports = {
 
             JSXExpressionContainer(node) {
                 const openingCurly = sourceCode.getFirstToken(node);
-                const firstExpressionToken = sourceCode.getFirstToken(node.expression);
+                const closingCurly = sourceCode.getLastToken(node);
 
-                if (firstExpressionToken) {
-                    offsets.setDesiredOffset(firstExpressionToken, openingCurly, 1);
-                }
-
-                offsets.matchIndentOf(openingCurly, sourceCode.getLastToken(node));
+                offsets.setDesiredOffsets(
+                    sourceCode.getTokensBetween(openingCurly, closingCurly, { includeComments: true }),
+                    openingCurly,
+                    1
+                );
+                offsets.matchIndentOf(openingCurly, closingCurly);
             },
 
             ""Program:exit""() {
"
Constant Replacement (CR),CR[],PIT and Major,"The patch modifies a literal constant such as a number, boolean, null/undefined, or similar value. Therefore, it corresponds to Constant Replacement.",bid118,Eslint,"diff --git a/lib/rules/no-loop-func.js b/lib/rules/no-loop-func.js
index 2b76093c..247dc52c 100644
--- a/lib/rules/no-loop-func.js
+++ b/lib/rules/no-loop-func.js
@@ -73,7 +73,7 @@ function getContainingLoopNode(node) {
  * @returns {ASTNode} The most outer loop node.
  */
 function getTopLoopNode(node, excludedNode) {
-    var retv = null;
+    var retv = node;
     var border = excludedNode ? excludedNode.range[1] : 0;
 
     while (node && node.range[0] >= border) {
"
no,no,no,"Multi-line edits and complex structural changes. The patch has 9 changed lines, so it is not considered repairable by simple mutation operators under the >4-line rule.",bid119,Eslint,"diff --git a/lib/rules/quote-props.js b/lib/rules/quote-props.js
index 7f3e293f..f3453adb 100644
--- a/lib/rules/quote-props.js
+++ b/lib/rules/quote-props.js
@@ -41,13 +41,14 @@ module.exports = function(context) {
 
     /**
      * Checks if an espree-tokenized key has redundant quotes (i.e. whether quotes are unnecessary)
+     * @param   {string} rawKey The raw key value from the source
      * @param   {espreeTokens} tokens The espree-tokenized node key
      * @param   {boolean} [skipNumberLiterals=false] Indicates whether number literals should be checked
      * @returns {boolean} Whether or not a key has redundant quotes.
      * @private
      */
-    function areQuotesRedundant(tokens, skipNumberLiterals) {
-        return tokens.length === 1 &&
+    function areQuotesRedundant(rawKey, tokens, skipNumberLiterals) {
+        return tokens.length === 1 && tokens[0].start === 0 && tokens[0].end === rawKey.length &&
             ([""Identifier"", ""Keyword"", ""Null"", ""Boolean""].indexOf(tokens[0].type) >= 0 ||
             (tokens[0].type === ""Numeric"" && !skipNumberLiterals && """" + +tokens[0].value === tokens[0].value));
     }
@@ -83,7 +84,7 @@ module.exports = function(context) {
                 return;
             }
 
-            if (CHECK_UNNECESSARY && areQuotesRedundant(tokens, NUMBERS)) {
+            if (CHECK_UNNECESSARY && areQuotesRedundant(key.value, tokens, NUMBERS)) {
                 context.report(node, MESSAGE_UNNECESSARY, {property: key.value});
             }
         } else if (KEYWORDS && key.type === ""Identifier"" && isKeyword(key.name)) {
@@ -139,7 +140,7 @@ module.exports = function(context) {
                         return;
                     }
 
-                    necessaryQuotes = necessaryQuotes || !areQuotesRedundant(tokens) || KEYWORDS && isKeyword(tokens[0].value);
+                    necessaryQuotes = necessaryQuotes || !areQuotesRedundant(key.value, tokens) || KEYWORDS && isKeyword(tokens[0].value);
                 }
             } else if (KEYWORDS && checkQuotesRedundancy && key.type === ""Identifier"" && isKeyword(key.name)) {
                 necessaryQuotes = true;
"
Method call replacement(MCR),MCR[],PIT and Major,"Multi-line edits and complex structural changes. The patch has 8 changed lines, so it is not considered repairable by simple mutation operators under the >4-line rule.",bid120,Eslint,"diff --git a/lib/rules/space-in-parens.js b/lib/rules/space-in-parens.js
index c7f7f5c1..ff124c12 100644
--- a/lib/rules/space-in-parens.js
+++ b/lib/rules/space-in-parens.js
@@ -37,8 +37,8 @@ module.exports = function(context) {
     function getNeverChecks(opts) {
         var missingSpaceOpeners = [],
             missingSpaceClosers = [],
-            rejectedSpaceOpeners = ["" "", ""\\n"", ""\\r""],
-            rejectedSpaceClosers = ["" "", ""\\n"", ""\\r""],
+            rejectedSpaceOpeners = [""\\s""],
+            rejectedSpaceClosers = [""\\s""],
             missingSpaceCheck,
             rejectedSpaceCheck;
 
@@ -98,8 +98,8 @@ module.exports = function(context) {
      * @private
      */
     function getAlwaysChecks(opts) {
-        var missingSpaceOpeners = ["" "", ""\\)"", ""\\r"", ""\\n""],
-            missingSpaceClosers = ["" "", ""\\("", ""\\r"", ""\\n""],
+        var missingSpaceOpeners = [""\\s"", ""\\)""],
+            missingSpaceClosers = [""\\s"", ""\\(""],
             rejectedSpaceOpeners = [],
             rejectedSpaceClosers = [],
             missingSpaceCheck,
"
Modification of condition statement(MOCS),MOCS[],PIT and Major,"Multi-line edits and complex structural changes. The patch has 6 changed lines, so it is not considered repairable by simple mutation operators under the >4-line rule.",bid121,Eslint,"diff --git a/lib/rules/prefer-destructuring.js b/lib/rules/prefer-destructuring.js
index e9d02da3..112ea646 100644
--- a/lib/rules/prefer-destructuring.js
+++ b/lib/rules/prefer-destructuring.js
@@ -165,8 +165,10 @@ module.exports = {
             if (shouldCheck(reportNode.type, ""object"")) {
                 const property = rightNode.property;
 
-                if ((property.type === ""Literal"" && leftNode.name === property.value) || (property.type === ""Identifier"" &&
-                    leftNode.name === property.name)) {
+                if (
+                    (property.type === ""Literal"" && leftNode.name === property.value) ||
+                    (property.type === ""Identifier"" && leftNode.name === property.name && !rightNode.computed)
+                ) {
                     report(reportNode, ""object"");
                 }
             }
"
no,no,no,"Multi-line edits and complex structural changes. The patch has 15 changed lines, so it is not considered repairable by simple mutation operators under the >4-line rule.",bid122,Eslint,"diff --git a/lib/rules/valid-typeof.js b/lib/rules/valid-typeof.js
index b13e2aef..cfb7f693 100644
--- a/lib/rules/valid-typeof.js
+++ b/lib/rules/valid-typeof.js
@@ -34,6 +34,17 @@ module.exports = {
         const VALID_TYPES = [""symbol"", ""undefined"", ""object"", ""boolean"", ""number"", ""string"", ""function""],
             OPERATORS = [""=="", ""==="", ""!="", ""!==""];
 
+        const requireStringLiterals = context.options[0] && context.options[0].requireStringLiterals;
+
+        /**
+        * Determines whether a node is a typeof expression.
+        * @param {ASTNode} node The node
+        * @returns {boolean} `true` if the node is a typeof expression
+        */
+        function isTypeofExpression(node) {
+            return node.type === ""UnaryExpression"" && node.operator === ""typeof"";
+        }
+
         //--------------------------------------------------------------------------
         // Public
         //--------------------------------------------------------------------------
@@ -41,7 +52,7 @@ module.exports = {
         return {
 
             UnaryExpression(node) {
-                if (node.operator === ""typeof"") {
+                if (isTypeofExpression(node)) {
                     const parent = context.getAncestors().pop();
 
                     if (parent.type === ""BinaryExpression"" && OPERATORS.indexOf(parent.operator) !== -1) {
@@ -51,7 +62,7 @@ module.exports = {
                             if (VALID_TYPES.indexOf(sibling.value) === -1) {
                                 context.report(sibling, ""Invalid typeof comparison value."");
                             }
-                        } else if (context.options[0] && context.options[0].requireStringLiterals) {
+                        } else if (requireStringLiterals && !isTypeofExpression(sibling)) {
                             context.report(sibling, ""Typeof comparisons should be to string literals."");
                         }
                     }
"
no,no,no,"Multi-line edits and complex structural changes. The patch has 14 changed lines, so it is not considered repairable by simple mutation operators under the >4-line rule.",bid123,Eslint,"diff --git a/lib/rules/dot-notation.js b/lib/rules/dot-notation.js
index d55b098b..3f5eae0b 100644
--- a/lib/rules/dot-notation.js
+++ b/lib/rules/dot-notation.js
@@ -4,6 +4,12 @@
  */
 ""use strict"";
 
+//------------------------------------------------------------------------------
+// Requirements
+//------------------------------------------------------------------------------
+
+const astUtils = require(""../ast-utils"");
+
 //------------------------------------------------------------------------------
 // Rule Definition
 //------------------------------------------------------------------------------
@@ -64,12 +70,10 @@ module.exports = {
                                 propertyValue: JSON.stringify(node.property.value)
                             },
                             fix(fixer) {
-                                const leftBracket = sourceCode.getTokenBefore(node.property);
-                                const rightBracket = sourceCode.getTokenAfter(node.property);
-                                const textBeforeProperty = sourceCode.text.slice(leftBracket.range[1], node.property.range[0]);
-                                const textAfterProperty = sourceCode.text.slice(node.property.range[1], rightBracket.range[0]);
+                                const leftBracket = sourceCode.getTokenAfter(node.object, astUtils.isOpeningBracketToken);
+                                const rightBracket = sourceCode.getLastToken(node);
 
-                                if (textBeforeProperty.trim() || textAfterProperty.trim()) {
+                                if (sourceCode.getFirstTokenBetween(leftBracket, rightBracket, { includeComments: true, filter: astUtils.isCommentToken })) {
 
                                     // Don't perform any fixes if there are comments inside the brackets.
                                     return null;
"
Logical Operator Replacement (LOR),LOR[],PIT and Major,"The patch modifies a logical operator such as && or ||. Therefore, it corresponds to Logical Operator Replacement.",bid124,Eslint,"diff --git a/lib/rules/id-length.js b/lib/rules/id-length.js
index a0a1019e..0ea42e14 100644
--- a/lib/rules/id-length.js
+++ b/lib/rules/id-length.js
@@ -25,12 +25,12 @@ module.exports = function(context) {
         }, {});
 
     var SUPPORTED_EXPRESSIONS = {
-        ""MemberExpression"": function(parent) {
+        ""MemberExpression"": properties && function(parent) {
             return !parent.computed && (
                 // regular property assignment
                 parent.parent.left === parent || (
                     // or the last identifier in an ObjectPattern destructuring
-                    parent.parent.type === ""Property"" && properties && parent.parent.value === parent &&
+                    parent.parent.type === ""Property"" && parent.parent.value === parent &&
                     parent.parent.parent.type === ""ObjectPattern"" && parent.parent.parent.parent.left === parent.parent.parent
                 )
             );
"
Arithmetic Operator Replacement (AOR),AOR[],PIT and Major,"The patch modifies an arithmetic operator. Therefore, it corresponds to Arithmetic Operator Replacement.",bid125,Eslint,"diff --git a/lib/rules/semi.js b/lib/rules/semi.js
index 3b6a23a8..ee37ab01 100644
--- a/lib/rules/semi.js
+++ b/lib/rules/semi.js
@@ -53,7 +53,7 @@ module.exports = {
 
     create(context) {
 
-        const OPT_OUT_PATTERN = /^[-[(/+]$/; // One of [(/+-, but not ++ or --
+        const OPT_OUT_PATTERN = /^[-[(/+`]/; // One of [(/+-`
         const options = context.options[1];
         const never = context.options[0] === ""never"",
             exceptOneLine = options && options.omitLastInOneLineBlock === true,
@@ -127,7 +127,7 @@ module.exports = {
 
             const lastTokenLine = lastToken.loc.end.line;
             const nextTokenLine = nextToken.loc.start.line;
-            const isOptOutToken = OPT_OUT_PATTERN.test(nextToken.value);
+            const isOptOutToken = OPT_OUT_PATTERN.test(nextToken.value) && nextToken.value !== ""++"" && nextToken.value !== ""--"";
             const isDivider = (nextToken.value === ""}"" || nextToken.value === "";"");
 
             return (lastTokenLine !== nextTokenLine && !isOptOutToken) || isDivider;
"
Modification of condition stetement(MOCS),MOCS[],PIT and Major,"Multi-line edits and complex structural changes. The patch has 10 changed lines, so it is not considered repairable by simple mutation operators under the >4-line rule.",bid126,Eslint,"diff --git a/lib/rules/indent.js b/lib/rules/indent.js
index 8585745f..a9cbd517 100644
--- a/lib/rules/indent.js
+++ b/lib/rules/indent.js
@@ -647,9 +647,13 @@ module.exports = {
                 return elem !== null;
             });
 
-            // Skip if first element is in same line with this node
-            if (elements.length > 0 && elements[0].loc.start.line === node.loc.start.line) {
-                return;
+            // Skip if element is in same line with this node
+            if (elements.length > 0 && node.type === ""ArrayExpression"") {
+                elements.forEach(el => {
+                    if (el.loc.start.line === node.loc.start.line) {
+                        return;
+                    }
+                });
             }
 
             let nodeIndent;
"
"Statement insertion(SI), Modification of return value(MRV),Modification of condition statement(MOCS)","SI[],MRV[],MOCS[]",PIT and Major,"Multi-line edits and complex structural changes. The patch has 12 changed lines, so it is not considered repairable by simple mutation operators under the >4-line rule.",bid127,Eslint,"diff --git a/lib/rules/space-before-blocks.js b/lib/rules/space-before-blocks.js
index 58db668c..89215493 100644
--- a/lib/rules/space-before-blocks.js
+++ b/lib/rules/space-before-blocks.js
@@ -15,6 +15,16 @@ var astUtils = require(""../ast-utils"");
 module.exports = function(context) {
     var requireSpace = context.options[0] !== ""never"";
 
+    /**
+     * Checks whether or not a given token is an arrow operator (=>).
+     *
+     * @param {Token} token - A token to check.
+     * @returns {boolean} `true` if the token is an arrow operator.
+     */
+    function isArrow(token) {
+        return token.type === ""Punctuator"" && token.value === ""=>"";
+    }
+
     /**
      * Checks the given BlockStatement node has a preceding space if it doesn’t start on a new line.
      * @param {ASTNode|Token} node The AST node of a BlockStatement.
@@ -24,7 +34,7 @@ module.exports = function(context) {
         var precedingToken = context.getTokenBefore(node),
             hasSpace;
 
-        if (precedingToken && astUtils.isTokenOnSameLine(precedingToken, node)) {
+        if (precedingToken && !isArrow(precedingToken) && astUtils.isTokenOnSameLine(precedingToken, node)) {
             hasSpace = astUtils.isTokenSpaced(precedingToken, node);
 
             if (requireSpace) {
"
"Modification of condition statement(MOCS), Method call replacement(MCR)","MOCS[],MCR[] ",PIT and Major,"Multi-line edits and complex structural changes. The patch has 6 changed lines, so it is not considered repairable by simple mutation operators under the >4-line rule.",bid128,Eslint,"diff --git a/lib/rules/valid-typeof.js b/lib/rules/valid-typeof.js
index cfb7f693..ed0a7c01 100644
--- a/lib/rules/valid-typeof.js
+++ b/lib/rules/valid-typeof.js
@@ -58,8 +58,10 @@ module.exports = {
                     if (parent.type === ""BinaryExpression"" && OPERATORS.indexOf(parent.operator) !== -1) {
                         const sibling = parent.left === node ? parent.right : parent.left;
 
-                        if (sibling.type === ""Literal"") {
-                            if (VALID_TYPES.indexOf(sibling.value) === -1) {
+                        if (sibling.type === ""Literal"" || sibling.type === ""TemplateLiteral"" && !sibling.expressions.length) {
+                            const value = sibling.type === ""Literal"" ? sibling.value : sibling.quasis[0].value.cooked;
+
+                            if (VALID_TYPES.indexOf(value) === -1) {
                                 context.report(sibling, ""Invalid typeof comparison value."");
                             }
                         } else if (requireStringLiterals && !isTypeofExpression(sibling)) {
"
no,no,no,"Multi-line edits and complex structural changes. The patch has 13 changed lines, so it is not considered repairable by simple mutation operators under the >4-line rule.",bid129,Eslint,"diff --git a/lib/rules/indent.js b/lib/rules/indent.js
index 0d4c7188..5baf4788 100644
--- a/lib/rules/indent.js
+++ b/lib/rules/indent.js
@@ -960,11 +960,20 @@ module.exports = {
 
         return {
             ""ArrayExpression, ArrayPattern""(node) {
-                addElementListIndent(node.elements, sourceCode.getFirstToken(node), sourceCode.getLastToken(node), options.ArrayExpression);
+                const openingBracket = sourceCode.getFirstToken(node);
+                const closingBracket = sourceCode.getTokenAfter(lodash.findLast(node.elements) || openingBracket, astUtils.isClosingBracketToken);
+
+                addElementListIndent(node.elements, openingBracket, closingBracket, options.ArrayExpression);
             },
 
             ""ObjectExpression, ObjectPattern""(node) {
-                addElementListIndent(node.properties, sourceCode.getFirstToken(node), sourceCode.getLastToken(node), options.ObjectExpression);
+                const openingCurly = sourceCode.getFirstToken(node);
+                const closingCurly = sourceCode.getTokenAfter(
+                    node.properties.length ? node.properties[node.properties.length - 1] : openingCurly,
+                    astUtils.isClosingBraceToken
+                );
+
+                addElementListIndent(node.properties, openingCurly, closingCurly, options.ObjectExpression);
             },
 
             ArrowFunctionExpression(node) {
"
no,no,no,"Multi-line edits and complex structural changes. The patch has 19 changed lines, so it is not considered repairable by simple mutation operators under the >4-line rule.",bid130,Eslint,"diff --git a/lib/rules/indent.js b/lib/rules/indent.js
index acc52463..faa42481 100644
--- a/lib/rules/indent.js
+++ b/lib/rules/indent.js
@@ -779,6 +779,19 @@ module.exports = {
             return (statement.type === ""ExpressionStatement"" || statement.type === ""VariableDeclaration"") && statement.parent.type === ""Program"";
         }
 
+        /**
+         * Counts the number of linebreaks that follow the last non-whitespace character in a string
+         * @param {string} string The string to check
+         * @returns {number} The number of JavaScript linebreaks that follow the last non-whitespace character,
+         * or the total number of linebreaks if the string is all whitespace.
+         */
+        function countTrailingLinebreaks(string) {
+            const trailingWhitespace = string.match(/\s*$/)[0];
+            const linebreakMatches = trailingWhitespace.match(astUtils.createGlobalLinebreakMatcher());
+
+            return linebreakMatches === null ? 0 : linebreakMatches.length;
+        }
+
         /**
          * Check indentation for lists of elements (arrays, objects, function params)
          * @param {ASTNode[]} elements List of elements that should be offset
@@ -836,8 +849,12 @@ module.exports = {
                 } else {
                     const previousElement = elements[index - 1];
                     const firstTokenOfPreviousElement = previousElement && getFirstToken(previousElement);
+                    const previousElementLastToken = previousElement && sourceCode.getLastToken(previousElement);
 
-                    if (previousElement && sourceCode.getLastToken(previousElement).loc.end.line > startToken.loc.end.line) {
+                    if (
+                        previousElement &&
+                        previousElementLastToken.loc.end.line - countTrailingLinebreaks(previousElementLastToken.value) > startToken.loc.end.line
+                    ) {
                         offsets.setDesiredOffsets(element.range, firstTokenOfPreviousElement, 0);
                     }
                 }
"
no,no,no,"Multi-line edits and complex structural changes. The patch has 12 changed lines, so it is not considered repairable by simple mutation operators under the >4-line rule.",bid131,Eslint,"diff --git a/lib/rules/no-var.js b/lib/rules/no-var.js
index 73aaecdd..53a1b285 100644
--- a/lib/rules/no-var.js
+++ b/lib/rules/no-var.js
@@ -209,6 +209,7 @@ module.exports = {
          * - A variable is used from a closure within a loop.
          * - A variable might be used before it is assigned within a loop.
          * - A variable might be used in TDZ.
+         * - A variable is declared in statement position (e.g. a single-line `IfStatement`)
          *
          * ## A variable is declared on a SwitchCase node.
          *
@@ -270,6 +271,17 @@ module.exports = {
                 }
             }
 
+            if (
+                !isLoopAssignee(node) &&
+                node.parent.type !== ""BlockStatement"" &&
+                node.parent.type !== ""Program"" &&
+                node.parent.type !== ""SwitchCase""
+            ) {
+
+                // If the declaration is not in a block, e.g. `if (foo) var bar = 1;`, then it can't be fixed.
+                return false;
+            }
+
             return true;
         }
 
"
Method call replacement(MCR),MCR[],PIT and Major,"Multi-line edits and complex structural changes. The patch has 6 changed lines, so it is not considered repairable by simple mutation operators under the >4-line rule.",bid132,Eslint,"diff --git a/lib/rules/no-multiple-empty-lines.js b/lib/rules/no-multiple-empty-lines.js
index 679c4f69..0be8f333 100644
--- a/lib/rules/no-multiple-empty-lines.js
+++ b/lib/rules/no-multiple-empty-lines.js
@@ -113,8 +113,10 @@ module.exports = {
                 });
 
                 // add the notEmpty lines in there with a placeholder
-                notEmpty.forEach(function(x, i) {
-                    trimmedLines[i] = x;
+                notEmpty.forEach(function(nonEmptyLineNumber) {
+
+                    // FIXME: (not-an-aardvark) Use a better strategy after refactoring this rule
+                    trimmedLines[nonEmptyLineNumber] = ""non-empty placeholder string"";
                 });
 
                 if (typeof maxEOF === ""undefined"") {
"
"Statement insertion(SI),Modification of condition statement(MOCS)","SI[],MOCS[]",PIT and Major,"Multi-line edits and complex structural changes. The patch has 6 changed lines, so it is not considered repairable by simple mutation operators under the >4-line rule.",bid133,Eslint,"diff --git a/lib/rules/no-empty.js b/lib/rules/no-empty.js
index d0bc6e11..2180c6de 100644
--- a/lib/rules/no-empty.js
+++ b/lib/rules/no-empty.js
@@ -2,6 +2,7 @@
  * @fileoverview Rule to flag use of an empty block statement
  * @author Nicholas C. Zakas
  */
+""use strict"";
 
 //------------------------------------------------------------------------------
 // Rule Definition
@@ -9,14 +10,13 @@
 
 module.exports = function(context) {
 
-    ""use strict"";
-
     return {
+
         ""BlockStatement"": function(node) {
             var ancestors = context.getAncestors(),
                 parentType = ancestors[ancestors.length - 1].type;
 
-            if (parentType === ""FunctionExpression"" || parentType === ""FunctionDeclaration"") {
+            if (/FunctionExpression|FunctionDeclaration|TryStatement|CatchClause/.test(parentType)) {
                 return;
             }
 
"
"Case Insertion (CASEI), Satatment insertion(SI)","CASEI[],SI[]",PIT and Major,case/default branch inserted,bid134,Eslint,"diff --git a/lib/ast-utils.js b/lib/ast-utils.js
index 66b39d92..9e171ea3 100644
--- a/lib/ast-utils.js
+++ b/lib/ast-utils.js
@@ -560,6 +560,7 @@ module.exports = {
                 /* falls through */
 
             case ""UnaryExpression"":
+            case ""AwaitExpression"":
                 return 14;
 
             case ""UpdateExpression"":
diff --git a/lib/rules/no-extra-parens.js b/lib/rules/no-extra-parens.js
index 1d355cf0..dc42e748 100644
--- a/lib/rules/no-extra-parens.js
+++ b/lib/rules/no-extra-parens.js
@@ -587,6 +587,7 @@ module.exports = {
 
             UnaryExpression: dryUnaryUpdate,
             UpdateExpression: dryUnaryUpdate,
+            AwaitExpression: dryUnaryUpdate,
 
             VariableDeclarator(node) {
                 if (node.init && hasExcessParens(node.init) &&
"
no,no,no,"Multi-line edits and complex structural changes. The patch has 22 changed lines, so it is not considered repairable by simple mutation operators under the >4-line rule.",bid135,Eslint,"diff --git a/lib/token-store/index.js b/lib/token-store/index.js
index b74126b9..bd523fda 100644
--- a/lib/token-store/index.js
+++ b/lib/token-store/index.js
@@ -45,7 +45,7 @@ const PUBLIC_METHODS = Object.freeze([
  * Creates the map from locations to indices in `tokens`.
  *
  * The first/last location of tokens is mapped to the index of the token.
- * The first/last location of comments is mapped to the index of the previous token of each comment.
+ * The first/last location of comments is mapped to the index of the next token of each comment.
  *
  * @param {Token[]} tokens - The array of tokens.
  * @param {Comment[]} comments - The array of comments.
diff --git a/lib/token-store/utils.js b/lib/token-store/utils.js
index 2dea7636..2f6cff1c 100644
--- a/lib/token-store/utils.js
+++ b/lib/token-store/utils.js
@@ -61,7 +61,15 @@ exports.getFirstIndex = function getFirstIndex(tokens, indexMap, startLoc) {
         return indexMap[startLoc];
     }
     if ((startLoc - 1) in indexMap) {
-        return indexMap[startLoc - 1] + 1;
+        const index = indexMap[startLoc - 1];
+        const token = (index >= 0 && index < tokens.length) ? tokens[index] : null;
+
+        // For the map of ""comment's location -> token's index"", it points the next token of a comment.
+        // In that case, +1 is unnecessary.
+        if (token && token.range[0] >= startLoc) {
+            return index;
+        }
+        return index + 1;
     }
     return 0;
 };
@@ -81,7 +89,15 @@ exports.getLastIndex = function getLastIndex(tokens, indexMap, endLoc) {
         return indexMap[endLoc] - 1;
     }
     if ((endLoc - 1) in indexMap) {
-        return indexMap[endLoc - 1];
+        const index = indexMap[endLoc - 1];
+        const token = (index >= 0 && index < tokens.length) ? tokens[index] : null;
+
+        // For the map of ""comment's location -> token's index"", it points the next token of a comment.
+        // In that case, -1 is necessary.
+        if (token && token.range[1] > endLoc) {
+            return index - 1;
+        }
+        return index;
     }
     return tokens.length - 1;
 };
"
"Condition insertion(CI), Modification of return value(MRV)","CI[],MRV[]",PIT and Major,"Multi-line edits and complex structural changes. The patch has 6 changed lines, so it is not considered repairable by simple mutation operators under the >4-line rule.",bid136,Eslint,"diff --git a/lib/rules/no-useless-escape.js b/lib/rules/no-useless-escape.js
index 629a52a7..eaa8f4a9 100644
--- a/lib/rules/no-useless-escape.js
+++ b/lib/rules/no-useless-escape.js
@@ -132,6 +132,12 @@ module.exports = {
             let nodeEscapes,
                 match;
 
+            if (isTemplateElement && node.parent && node.parent.parent && node.parent.parent.type === ""TaggedTemplateExpression"") {
+
+                // Don't report tagged template literals, because the backslash character is accessible to the tag function.
+                return;
+            }
+
             if (typeof node.value === ""string"" || isTemplateElement) {
 
                 /*
"
"Condition deletion(CD), Statement deletion(SD), Method call replacement(MCR)","DOC[], SD[], MCR[]",PIT and Major,"Multi-line edits and complex structural changes. The patch has 16 changed lines, so it is not considered repairable by simple mutation operators under the >4-line rule.",bid137,Eslint,"diff --git a/lib/rules/complexity.js b/lib/rules/complexity.js
index e0313fa7..323fdbff 100644
--- a/lib/rules/complexity.js
+++ b/lib/rules/complexity.js
@@ -126,20 +126,6 @@ module.exports = {
             }
         }
 
-        /**
-         * Increase the logical path complexity in context
-         * @param {ASTNode} node node to evaluate
-         * @returns {void}
-         * @private
-         */
-        function increaseLogicalComplexity(node) {
-
-            // Avoiding &&
-            if (node.operator === ""||"") {
-                increaseComplexity();
-            }
-        }
-
         //--------------------------------------------------------------------------
         // Public API
         //--------------------------------------------------------------------------
@@ -154,7 +140,7 @@ module.exports = {
 
             CatchClause: increaseComplexity,
             ConditionalExpression: increaseComplexity,
-            LogicalExpression: increaseLogicalComplexity,
+            LogicalExpression: increaseComplexity,
             ForStatement: increaseComplexity,
             ForInStatement: increaseComplexity,
             ForOfStatement: increaseComplexity,
"
"Method call replacement(MCR), Statement insertion(SI)","MCR[],SI[]",PIT and Major,"Multi-line edits and complex structural changes. The patch has 7 changed lines, so it is not considered repairable by simple mutation operators under the >4-line rule.",bid138,Eslint,"diff --git a/lib/rules/no-multiple-empty-lines.js b/lib/rules/no-multiple-empty-lines.js
index d5485df1..daab826f 100644
--- a/lib/rules/no-multiple-empty-lines.js
+++ b/lib/rules/no-multiple-empty-lines.js
@@ -52,8 +52,8 @@ module.exports = {
 
         if (context.options.length) {
             max = context.options[0].max;
-            maxEOF = context.options[0].maxEOF;
-            maxBOF = context.options[0].maxBOF;
+            maxEOF = typeof context.options[0].maxEOF !== ""undefined"" ? context.options[0].maxEOF : max;
+            maxBOF = typeof context.options[0].maxBOF !== ""undefined"" ? context.options[0].maxBOF : max;
         }
 
         var sourceCode = context.getSourceCode();
@@ -122,11 +122,10 @@ module.exports = {
 
                 // Aggregate and count blank lines
                 if (firstNonBlankLine > maxBOF) {
-                    currentLocation = firstNonBlankLine - 1;
-
                     context.report(node, 0,
                             ""Too many blank lines at the beginning of file. Max of "" + maxBOF + "" allowed."");
                 }
+                currentLocation = firstNonBlankLine - 1;
 
                 lastLocation = currentLocation;
                 currentLocation = trimmedLines.indexOf("""", currentLocation + 1);
"
no,no,no,"Multi-line edits and complex structural changes. The patch has 26 changed lines, so it is not considered repairable by simple mutation operators under the >4-line rule.",bid139,Eslint,"diff --git a/lib/rules/object-curly-spacing.js b/lib/rules/object-curly-spacing.js
index 306a58d2..0abf3259 100644
--- a/lib/rules/object-curly-spacing.js
+++ b/lib/rules/object-curly-spacing.js
@@ -180,6 +180,30 @@ module.exports = {
             }
         }
 
+        /**
+         * Gets '}' token of an object node.
+         *
+         * Because the last token of object patterns might be a type annotation,
+         * this traverses tokens preceded by the last property, then returns the
+         * first '}' token.
+         *
+         * @param {ASTNode} node - The node to get. This node is an
+         *      ObjectExpression or an ObjectPattern. And this node has one or
+         *      more properties.
+         * @returns {Token} '}' token.
+         */
+        function getClosingBraceOfObject(node) {
+            const lastProperty = node.properties[node.properties.length - 1];
+            let token = sourceCode.getTokenAfter(lastProperty);
+
+            // skip ')' and trailing commas.
+            while (token.type !== ""Punctuator"" || token.value !== ""}"") {
+                token = sourceCode.getTokenAfter(token);
+            }
+
+            return token;
+        }
+
         /**
          * Reports a given object node if spacing in curly braces is invalid.
          * @param {ASTNode} node - An ObjectExpression or ObjectPattern node to check.
@@ -191,7 +215,7 @@ module.exports = {
             }
 
             const first = sourceCode.getFirstToken(node),
-                last = sourceCode.getLastToken(node),
+                last = getClosingBraceOfObject(node),
                 second = sourceCode.getTokenAfter(first),
                 penultimate = sourceCode.getTokenBefore(last);
 
"
"Modification of condition statement(MOCS), Modification of return Value(MRV)","MOCS[],MRV[]",PIT and Major,"Multi-line edits and complex structural changes. The patch has 8 changed lines, so it is not considered repairable by simple mutation operators under the >4-line rule.",bid140,Eslint,"diff --git a/lib/rules/indent.js b/lib/rules/indent.js
index 2a30e911..74d4ef38 100644
--- a/lib/rules/indent.js
+++ b/lib/rules/indent.js
@@ -492,11 +492,9 @@ module.exports = function(context) {
         // Comma can be placed before declaration
         checkNodesIndent(elements, elementsIndent, true);
 
-        if (elements.length > 0) {
-            // Skip last block line check if last item in same line
-            if (lastElement.loc.end.line === node.loc.end.line) {
-                return;
-            }
+        // Only check the last line if it is a `Punctuator` token such as `;` or `}`
+        if (context.getLastToken(node).type !== ""Punctuator"") {
+            return;
         }
 
         var tokenBeforeLastElement = context.getTokenBefore(lastElement);
"
no,no,no,"Multi-line edits and complex structural changes. The patch has 9 changed lines, so it is not considered repairable by simple mutation operators under the >4-line rule.",bid141,Eslint,"diff --git a/lib/ast-utils.js b/lib/ast-utils.js
index e65284ff..47cc7199 100644
--- a/lib/ast-utils.js
+++ b/lib/ast-utils.js
@@ -626,6 +626,9 @@ module.exports = {
                 //     // setup...
                 //     return function foo() { ... };
                 //   })();
+                //   obj.foo = (() =>
+                //     function foo() { ... }
+                //   )();
                 case ""ReturnStatement"": {
                     const func = getUpperFunction(parent);
 
@@ -635,6 +638,12 @@ module.exports = {
                     node = func.parent;
                     break;
                 }
+                case ""ArrowFunctionExpression"":
+                    if (node !== parent.body || !isCallee(parent)) {
+                        return true;
+                    }
+                    node = parent.parent;
+                    break;
 
                 // e.g.
                 //   var obj = { foo() { ... } };
"
Logical Operator Replacement (LOR),LOR[],PIT and Major,"The patch modifies a logical operator such as && or ||. Therefore, it corresponds to Logical Operator Replacement.",bid142,Eslint,"diff --git a/lib/rules/indent.js b/lib/rules/indent.js
index f723fbfc..6fcf3d01 100644
--- a/lib/rules/indent.js
+++ b/lib/rules/indent.js
@@ -654,7 +654,8 @@ module.exports = {
                             parent.type === ""ArrayExpression"" ||
                             parent.type === ""CallExpression"" ||
                             parent.type === ""ArrowFunctionExpression"" ||
-                            parent.type === ""NewExpression""
+                            parent.type === ""NewExpression"" ||
+                            parent.type === ""LogicalExpression""
                         ) {
                             nodeIndent = nodeIndent + indentSize;
                         }
"
no,no,no,"Multi-line edits and complex structural changes. The patch has 12 changed lines, so it is not considered repairable by simple mutation operators under the >4-line rule.",bid143,Eslint,"diff --git a/lib/util/npm-util.js b/lib/util/npm-util.js
index fd081307..27120ad8 100644
--- a/lib/util/npm-util.js
+++ b/lib/util/npm-util.js
@@ -11,7 +11,8 @@
 
 var fs = require(""fs""),
     path = require(""path""),
-    shell = require(""shelljs"");
+    shell = require(""shelljs""),
+    log = require(""../logging"");
 
 //------------------------------------------------------------------------------
 // Helpers
@@ -69,11 +70,18 @@ function installSyncSaveDev(packages) {
 function check(packages, opt) {
     var deps = [];
     var pkgJson = (opt) ? findPackageJson(opt.startDir) : findPackageJson();
+    var fileJson;
 
     if (!pkgJson) {
         throw new Error(""Could not find a package.json file. Run 'npm init' to create one."");
     }
-    var fileJson = JSON.parse(fs.readFileSync(pkgJson, ""utf8""));
+
+    try {
+        fileJson = JSON.parse(fs.readFileSync(pkgJson, ""utf8""));
+    } catch (e) {
+        log.info(""Could not read package.json file. Please check that the file contains valid JSON."");
+        throw new Error(e);
+    }
 
     if (opt.devDependencies && typeof fileJson.devDependencies === ""object"") {
         deps = deps.concat(Object.keys(fileJson.devDependencies));
"
Modification of condition statement(MOCS),MOCS[],PIT and Major,"Multi-line edits and complex structural changes. The patch has 8 changed lines, so it is not considered repairable by simple mutation operators under the >4-line rule.",bid144,Eslint,"diff --git a/lib/rules/no-cond-assign.js b/lib/rules/no-cond-assign.js
index d43ecf89..c83afca0 100644
--- a/lib/rules/no-cond-assign.js
+++ b/lib/rules/no-cond-assign.js
@@ -80,7 +80,13 @@ module.exports = function(context) {
      * @returns {void}
      */
     function testForAssign(node) {
-        if (node.test && (node.test.type === ""AssignmentExpression"") && !isParenthesisedTwice(node.test)) {
+        if (node.test &&
+            (node.test.type === ""AssignmentExpression"") &&
+            (node.type === ""ForStatement"" ?
+                !isParenthesised(node.test) :
+                !isParenthesisedTwice(node.test)
+            )
+        ) {
             // must match JSHint's error message
             context.report({
                 node: node,
"
"Constant Replacement (CR), Condition insertion(CI)","CR[], CI[]",PIT and Major,"The patch modifies a literal constant such as a number, boolean, null/undefined, or similar value. Therefore, it corresponds to Constant Replacement.",bid145,Eslint,"diff --git a/lib/rules/no-extra-parens.js b/lib/rules/no-extra-parens.js
index fd6fd0b7..879529bf 100644
--- a/lib/rules/no-extra-parens.js
+++ b/lib/rules/no-extra-parens.js
@@ -418,6 +418,7 @@ module.exports = {
         function checkExpressionOrExportStatement(node) {
             const firstToken = isParenthesised(node) ? sourceCode.getTokenBefore(node) : sourceCode.getFirstToken(node);
             const secondToken = sourceCode.getTokenAfter(firstToken, astUtils.isNotOpeningParenToken);
+            const thirdToken = secondToken ? sourceCode.getTokenAfter(secondToken) : null;
 
             if (
                 astUtils.isOpeningParenToken(firstToken) &&
@@ -427,7 +428,8 @@ module.exports = {
                         secondToken.value === ""function"" ||
                         secondToken.value === ""class"" ||
                         secondToken.value === ""let"" && astUtils.isOpeningBracketToken(sourceCode.getTokenAfter(secondToken, astUtils.isNotClosingParenToken))
-                    )
+                    ) ||
+                    secondToken && secondToken.type === ""Identifier"" && secondToken.value === ""async"" && thirdToken && thirdToken.type === ""Keyword"" && thirdToken.value === ""function""
                 )
             ) {
                 tokensToIgnore.add(secondToken);
"
no,no,no,"Multi-line edits and complex structural changes. The patch has 12 changed lines, so it is not considered repairable by simple mutation operators under the >4-line rule.",bid177,Express,"diff --git a/lib/router/index.js b/lib/router/index.js
index b3a42e29..48871391 100644
--- a/lib/router/index.js
+++ b/lib/router/index.js
@@ -207,7 +207,7 @@ proto.handle = function(req, res, done) {
 
         // build up automatic options response
         if (!has_method && method === 'OPTIONS') {
-          options.push.apply(options, route._options());
+          appendMethods(options, route._options());
         }
 
         // don't even bother
@@ -492,6 +492,16 @@ methods.concat('all').forEach(function(method){
   };
 });
 
+// append methods to a list of methods
+function appendMethods(list, addition) {
+  for (var i = 0; i < addition.length; i++) {
+    var method = addition[i];
+    if (list.indexOf(method) === -1) {
+      list.push(method);
+    }
+  }
+}
+
 // get type for error message
 function gettype(obj) {
   var type = typeof obj;
"
Method Parameter Modification (MPM),MPM[],PIT and Major,"The patch modifies the argument list of an existing method/function call. Therefore, it corresponds to Method Parameter Modification.",bid178,Express,"diff --git a/lib/request.js b/lib/request.js
index c1392396..3bae7ad9 100644
--- a/lib/request.js
+++ b/lib/request.js
@@ -358,7 +358,7 @@ req.__defineGetter__('protocol', function(){
     : 'http';
   var trust = this.app.get('trust proxy fn');
 
-  if (!trust(this.connection.remoteAddress)) {
+  if (!trust(this.connection.remoteAddress, 0)) {
     return proto;
   }
 
"
Relational Operator Replacement (ROR),ROR[],PIT and Major,"The patch modifies a relational operator such as <, <=, >, >=, ==, or !=. Therefore, it corresponds to Relational Operator Replacement.",bid179,Express,"diff --git a/lib/response.js b/lib/response.js
index 50b0579b..5334515e 100644
--- a/lib/response.js
+++ b/lib/response.js
@@ -606,7 +606,9 @@ res.format = function(obj){
   if (fn) delete obj.default;
   var keys = Object.keys(obj);
 
-  var key = req.accepts(keys);
+  var key = keys.length > 0
+    ? req.accepts(keys)
+    : false;
 
   this.vary(""Accept"");
 
"
"Variable assignment(VA), Method call replacement(MCR)","VA[],MCR[]",PIT and Major,"Multi-line edits and complex structural changes. The patch has 5 changed lines, so it is not considered repairable by simple mutation operators under the >4-line rule.",bid180,Express,"diff --git a/lib/request.js b/lib/request.js
index 485c2962..24e8748d 100644
--- a/lib/request.js
+++ b/lib/request.js
@@ -13,6 +13,7 @@ var http = require('http')
   , parse = require('parseurl')
   , proxyaddr = require('proxy-addr')
   , mime = connect.mime;
+var isIP = require('net').isIP;
 
 /**
  * Request prototype.
@@ -454,7 +455,9 @@ req.__defineGetter__('auth', function(){
 req.__defineGetter__('subdomains', function(){
   var host = this.host;
   var offset = this.app.get('subdomain offset');
-  var subdomains = host.split('.').reverse();
+  var subdomains = !isIP(host)
+    ? host.split('.').reverse()
+    : [host];
 
   return subdomains.slice(offset);
 });
"
Condition Negation (CN),CN[],PIT and Major,"The patch negates or removes negation from a condition. Therefore, it corresponds to Condition Negation.",bid181,Express,"diff --git a/lib/utils.js b/lib/utils.js
index c2d3af1d..f418c580 100644
--- a/lib/utils.js
+++ b/lib/utils.js
@@ -67,7 +67,7 @@ exports.wetag = function wetag(body, encoding){
 
 exports.isAbsolute = function(path){
   if ('/' === path[0]) return true;
-  if (':' === path[1] && '\\' === path[2]) return true;
+  if (':' === path[1] && ('\\' === path[2] || '/' === path[2])) return true; // Windows device path
   if ('\\\\' === path.substring(0, 2)) return true; // Microsoft Azure absolute path
 };
 
"
no,no,no,"Multi-line edits and complex structural changes. The patch has 42 changed lines, so it is not considered repairable by simple mutation operators under the >4-line rule.",bid182,Express,"diff --git a/lib/application.js b/lib/application.js
index 000eeaf0..40a28b18 100644
--- a/lib/application.js
+++ b/lib/application.js
@@ -30,6 +30,7 @@ var app = exports = module.exports = {};
  */
 
 app.init = function(){
+  this._baseRoutes = {};
   this.cache = {};
   this.settings = {};
   this.engines = {};
@@ -399,11 +400,11 @@ app.disable = function(setting){
 
 methods.forEach(function(method){
   app[method] = function(path){
-    if ('get' == method && 1 == arguments.length) return this.set(path);
-
-    this.lazyrouter();
+    if (method === 'get' && arguments.length === 1) {
+      return this.set(path);
+    }
 
-    var route = this._router.route(path);
+    var route = this._baseRoute(path);
     route[method].apply(route, [].slice.call(arguments, 1));
     return this;
   };
@@ -420,9 +421,7 @@ methods.forEach(function(method){
  */
 
 app.all = function(path){
-  this.lazyrouter();
-
-  var route = this._router.route(path);
+  var route = this._baseRoute(path);
   var args = [].slice.call(arguments, 1);
   methods.forEach(function(method){
     route[method].apply(route, args);
@@ -531,3 +530,32 @@ app.listen = function(){
   var server = http.createServer(this);
   return server.listen.apply(server, arguments);
 };
+
+/**
+ * Get or create a new base route for path.
+ *
+ * @param {String} path
+ * @return {Route}
+ * @api private
+ */
+
+app._baseRoute = function(path){
+  this.lazyrouter();
+
+  var key = typeof path !== 'string'
+    ? 'o:' + String(path)
+    : 's:' + path;
+
+  if (path.ignoreCase || !this._router.caseSensitive) {
+    key = 'i' + key.toLowerCase();
+  }
+
+  var route = this._baseRoutes[key];
+
+  if (!route) {
+    route = this._router.route(path);
+    this._baseRoutes[key] = route;
+  }
+
+  return route;
+};
"
no,no,no,"Multi-line edits and complex structural changes. The patch has 23 changed lines, so it is not considered repairable by simple mutation operators under the >4-line rule.",bid183,Express,"diff --git a/lib/response.js b/lib/response.js
index f21cbe27..87d1dc5d 100644
--- a/lib/response.js
+++ b/lib/response.js
@@ -907,6 +907,7 @@ res.render = function(view, options, fn){
 // pipe the send file stream
 function sendfile(res, file, options, callback) {
   var done = false;
+  var streaming = false;
 
   // directory
   function ondirectory() {
@@ -920,6 +921,7 @@ function sendfile(res, file, options, callback) {
 
   // errors
   function onerror(err) {
+    if (!err) return;
     if (done) return;
     done = true;
     callback(err);
@@ -932,6 +934,11 @@ function sendfile(res, file, options, callback) {
     callback();
   }
 
+  // file
+  function onfile() {
+    onFinished(res, onfinish);
+  }
+
   // finished
   function onfinish(err) {
     if (err) return onerror(err);
@@ -941,6 +948,11 @@ function sendfile(res, file, options, callback) {
       if (done) return;
       done = true;
 
+      if (!streaming) {
+        callback();
+        return;
+      }
+
       // response finished before end of file
       var err = new Error('Request aborted');
       err.code = 'ECONNABORT';
@@ -948,10 +960,17 @@ function sendfile(res, file, options, callback) {
     });
   }
 
+  // streaming
+  function onstream() {
+    streaming = true;
+  }
+
+  file.on('directory', ondirectory);
   file.on('end', onend);
   file.on('error', onerror);
-  file.on('directory', ondirectory);
-  onFinished(res, onfinish);
+  file.on('file', onfile);
+  file.on('stream', onstream);
+  onFinished(res, onerror);
 
   if (options.headers) {
     // set headers on successful transfer
"
Condition Insertion (CI),CI[],PIT and Major,"The patch inserts a condition or conditional guard. Therefore, it corresponds to Condition Insertion.",bid184,Express,"diff --git a/lib/application.js b/lib/application.js
index b5cb883d..2c7cc2de 100644
--- a/lib/application.js
+++ b/lib/application.js
@@ -165,7 +165,8 @@ app.use = function use(fn) {
       arg = arg[0];
     }
 
-    if (typeof arg !== 'function' && (arg == null || arg.length !== 0)) {
+    // first arg is the path
+    if (typeof arg !== 'function') {
       offset = 1;
       path = fn;
     }
"
Reference Assignment Replacement (RAR),RAR[],PIT and Major,Assignment reference changed,bid185,Express,"diff --git a/lib/application.js b/lib/application.js
index 352d57e3..2ab00b09 100644
--- a/lib/application.js
+++ b/lib/application.js
@@ -168,7 +168,7 @@ app.use = function use(path, fn) {
   // express app
   if (mount_app && mount_app.handle && mount_app.set) {
     debug('.use app under %s', mount_path);
-    mount_app.mountpath = path;
+    mount_app.mountpath = mount_path;
     mount_app.parent = this;
 
     // restore .app property on req and res
"
"Condition insertion(CI), Variable assignment(VA)","CI[],VA[]",PIT and Major,"Multi-line edits and complex structural changes. The patch has 11 changed lines, so it is not considered repairable by simple mutation operators under the >4-line rule.",bid186,Express,"diff --git a/lib/router/index.js b/lib/router/index.js
index d2ed86e0..917c6002 100644
--- a/lib/router/index.js
+++ b/lib/router/index.js
@@ -280,12 +280,13 @@ proto.handle = function handle(req, res, out) {
   }
 
   function trim_prefix(layer, layerError, layerPath, path) {
-    var c = path[layerPath.length];
-    if (c && '/' !== c && '.' !== c) return next(layerError);
-
-     // Trim off the part of the url that matches the route
-     // middleware (.use stuff) needs to have the path stripped
     if (layerPath.length !== 0) {
+      // Validate path breaks on a path separator
+      var c = path[layerPath.length]
+      if (c && c !== '/' && c !== '.') return next(layerError)
+
+      // Trim off the part of the url that matches the route
+      // middleware (.use stuff) needs to have the path stripped
       debug('trim prefix (%s) from url %s', layerPath, req.url);
       removed = layerPath;
       req.url = protohost + req.url.substr(protohost.length + removed.length);
"
no,no,no,"Multi-line edits and complex structural changes. The patch has 15 changed lines, so it is not considered repairable by simple mutation operators under the >4-line rule.",bid187,Express,"diff --git a/lib/response.js b/lib/response.js
index 339bf0c4..ebdb1a8f 100644
--- a/lib/response.js
+++ b/lib/response.js
@@ -103,13 +103,15 @@ res.send = function(body){
     }
   }
 
+  // disambiguate res.send(status) and res.send(status, num)
+  if (typeof body === 'number' && arguments.length === 1) {
+    // res.send(status) will set status message as text string
+    this.get('Content-Type') || this.type('txt');
+    this.statusCode = body;
+    body = http.STATUS_CODES[body];
+  }
+
   switch (typeof body) {
-    // response status
-    case 'number':
-      this.get('Content-Type') || this.type('txt');
-      this.statusCode = body;
-      body = http.STATUS_CODES[body];
-      break;
     // string defaulting to html
     case 'string':
       if (!this.get('Content-Type')) {
@@ -118,6 +120,7 @@ res.send = function(body){
       }
       break;
     case 'boolean':
+    case 'number':
     case 'object':
       if (null == body) {
         body = '';
"
no,no,no,"Multi-line edits and complex structural changes. The patch has 18 changed lines, so it is not considered repairable by simple mutation operators under the >4-line rule.",bid188,Express,"diff --git a/lib/router/layer.js b/lib/router/layer.js
index 4747f70b..b5c1f589 100644
--- a/lib/router/layer.js
+++ b/lib/router/layer.js
@@ -133,17 +133,11 @@ Layer.prototype.match = function match(path) {
 
   var keys = this.keys;
   var params = this.params;
-  var prop;
-  var n = 0;
-  var key;
-  var val;
-
-  for (var i = 1, len = m.length; i < len; ++i) {
-    key = keys[i - 1];
-    prop = key
-      ? key.name
-      : n++;
-    val = decode_param(m[i]);
+
+  for (var i = 1; i < m.length; i++) {
+    var key = keys[i - 1];
+    var prop = key.name;
+    var val = decode_param(m[i]);
 
     if (val !== undefined || !(hasOwnProperty.call(params, prop))) {
       params[prop] = val;
diff --git a/package.json b/package.json
index ba69a020..95a4a472 100644
--- a/package.json
+++ b/package.json
@@ -43,7 +43,7 @@
     ""methods"": ""~1.1.1"",
     ""on-finished"": ""~2.3.0"",
     ""parseurl"": ""~1.3.0"",
-    ""path-to-regexp"": ""0.1.4"",
+    ""path-to-regexp"": ""0.1.6"",
     ""proxy-addr"": ""~1.0.8"",
     ""qs"": ""2.4.2"",
     ""range-parser"": ""~1.0.2"",
"
no,no,no,"Multi-line edits and complex structural changes. The patch has 29 changed lines, so it is not considered repairable by simple mutation operators under the >4-line rule.",bid189,Express,"diff --git a/lib/router/index.js b/lib/router/index.js
index 6b826602..a3a4c1bf 100644
--- a/lib/router/index.js
+++ b/lib/router/index.js
@@ -320,11 +320,19 @@ proto.process_params = function(layer, called, req, res, done) {
     }
 
     // param previously called with same value or error occurred
-    if (paramCalled && (paramCalled.err || paramCalled.val === paramVal)) {
-      return param(paramCalled.err);
+    if (paramCalled && (paramCalled.error || paramCalled.match === paramVal)) {
+      // restore value
+      req.params[name] = paramCalled.value;
+
+      // next param
+      return param(paramCalled.error);
     }
 
-    called[name] = paramCalled = { val: paramVal };
+    called[name] = paramCalled = {
+      error: null,
+      match: paramVal,
+      value: paramVal
+    };
 
     try {
       return paramCallback();
@@ -335,13 +343,20 @@ proto.process_params = function(layer, called, req, res, done) {
 
   // single param callbacks
   function paramCallback(err) {
-    if (err && paramCalled) {
+    var fn = paramCallbacks[paramIndex++];
+
+    // store updated value
+    paramCalled.value = req.params[key.name];
+
+    if (err) {
       // store error
-      paramCalled.err = err;
+      paramCalled.error = err;
+      param(err);
+      return;
     }
 
-    var fn = paramCallbacks[paramIndex++];
-    if (err || !fn) return param(err);
+    if (!fn) return param();
+
     fn(req, res, paramCallback, paramVal, key.name);
   }
 
"
"Condition insertion(CI), Method call replacement(MCR), Modification of return Value(MRV)","CI[],MCR[],MRV[]",PIT and Major,"Multi-line edits and complex structural changes. The patch has 7 changed lines, so it is not considered repairable by simple mutation operators under the >4-line rule.",bid190,Express,"diff --git a/lib/router/layer.js b/lib/router/layer.js
index 3f150023..88ebd396 100644
--- a/lib/router/layer.js
+++ b/lib/router/layer.js
@@ -95,6 +95,13 @@ Layer.prototype.handle_request = function handle(req, res, next) {
  */
 
 Layer.prototype.match = function match(path) {
+  if (path == null) {
+    // no path, nothing matches
+    this.params = undefined;
+    this.path = undefined;
+    return false;
+  }
+
   if (this.regexp.fast_slash) {
     // fast path non-ending match for / (everything matches)
     this.params = {};
"
no,no,no,"Multi-line edits and complex structural changes. The patch has 7 changed lines, so it is not considered repairable by simple mutation operators under the >4-line rule.",bid191,Express,"diff --git a/lib/response.js b/lib/response.js
index 67e1006c..2402aac2 100644
--- a/lib/response.js
+++ b/lib/response.js
@@ -468,7 +468,12 @@ res.format = function(obj){
   this.vary(""Accept"");
 
   if (key) {
-    this.set('Content-Type', normalizeType(key).value);
+    var type = normalizeType(key).value;
+    var charset;
+    if (charset = mime.charsets.lookup(type)) {
+      type += '; charset=' + charset;
+    }
+    this.set('Content-Type', type);
     obj[key](req, this, next);
   } else if (fn) {
     fn();
"
Method Parameter Modification (MPM),MPM[],PIT and Major,"The patch modifies the argument list of an existing method/function call. Therefore, it corresponds to Method Parameter Modification.",bid192,Express,"diff --git a/lib/response.js b/lib/response.js
index 32c098af..c26f68ac 100644
--- a/lib/response.js
+++ b/lib/response.js
@@ -818,11 +818,11 @@ res.redirect = function redirect(url) {
   // Support text/{plain,html} by default
   this.format({
     text: function(){
-      body = statusCodes[status] + '. Redirecting to ' + encodeURI(url);
+      body = statusCodes[status] + '. Redirecting to ' + encodeURI(address);
     },
 
     html: function(){
-      var u = escapeHtml(url);
+      var u = escapeHtml(address);
       body = '<p>' + statusCodes[status] + '. Redirecting to <a href=""' + u + '"">' + u + '</a></p>';
     },
 
"
no,no,no,"Multi-line edits and complex structural changes. The patch has 10 changed lines, so it is not considered repairable by simple mutation operators under the >4-line rule.",bid193,Express,"diff --git a/lib/view.js b/lib/view.js
index 99d5aed7..cf101cae 100644
--- a/lib/view.js
+++ b/lib/view.js
@@ -76,7 +76,15 @@ function View(name, options) {
     // load engine
     var mod = this.ext.substr(1)
     debug('require ""%s""', mod)
-    opts.engines[this.ext] = require(mod).__express
+
+    // default engine export
+    var fn = require(mod).__express
+
+    if (typeof fn !== 'function') {
+      throw new Error('Module ""' + mod + '"" does not provide a view engine.')
+    }
+
+    opts.engines[this.ext] = fn
   }
 
   // store loaded engine
"
Condition Insertion (CI),CI[],PIT and Major,"The patch inserts a condition or conditional guard. Therefore, it corresponds to Condition Insertion.",bid194,Express,"diff --git a/lib/router/index.js b/lib/router/index.js
index 209f881b..a20c592f 100644
--- a/lib/router/index.js
+++ b/lib/router/index.js
@@ -357,7 +357,8 @@ proto.process_params = function(layer, called, req, res, done) {
     }
 
     // param previously called with same value or error occurred
-    if (paramCalled && (paramCalled.error || paramCalled.match === paramVal)) {
+    if (paramCalled && (paramCalled.match === paramVal
+      || (paramCalled.error && paramCalled.error !== 'route'))) {
       // restore value
       req.params[name] = paramCalled.value;
 
"
no,no,no,"Multi-line edits and complex structural changes. The patch has 16 changed lines, so it is not considered repairable by simple mutation operators under the >4-line rule.",bid195,Express,"diff --git a/lib/router/layer.js b/lib/router/layer.js
index e292a13a..3f150023 100644
--- a/lib/router/layer.js
+++ b/lib/router/layer.js
@@ -5,6 +5,12 @@
 var pathRegexp = require('path-to-regexp');
 var debug = require('debug')('express:router:layer');
 
+/**
+ * Module variables.
+ */
+
+var hasOwnProperty = Object.prototype.hasOwnProperty;
+
 /**
  * Expose `Layer`.
  */
@@ -110,18 +116,20 @@ Layer.prototype.match = function match(path) {
 
   var keys = this.keys;
   var params = this.params;
+  var prop;
   var n = 0;
   var key;
   var val;
 
   for (var i = 1, len = m.length; i < len; ++i) {
     key = keys[i - 1];
+    prop = key
+      ? key.name
+      : n++;
     val = decode_param(m[i]);
 
-    if (key) {
-      params[key.name] = val;
-    } else {
-      params[n++] = val;
+    if (val !== undefined || !(hasOwnProperty.call(params, prop))) {
+      params[prop] = val;
     }
   }
 
"
no,no,no,"Multi-line edits and complex structural changes. The patch has 11 changed lines, so it is not considered repairable by simple mutation operators under the >4-line rule.",bid196,Express,"diff --git a/lib/response.js b/lib/response.js
index f3f043f5..b852a60e 100644
--- a/lib/response.js
+++ b/lib/response.js
@@ -717,9 +717,14 @@ res.header = function header(field, val) {
       : String(val);
 
     // add charset to content-type
-    if (field.toLowerCase() === 'content-type' && !charsetRegExp.test(value)) {
-      var charset = mime.charsets.lookup(value.split(';')[0]);
-      if (charset) value += '; charset=' + charset.toLowerCase();
+    if (field.toLowerCase() === 'content-type') {
+      if (Array.isArray(value)) {
+        throw new TypeError('Content-Type cannot be set to an Array');
+      }
+      if (!charsetRegExp.test(value)) {
+        var charset = mime.charsets.lookup(value.split(';')[0]);
+        if (charset) value += '; charset=' + charset.toLowerCase();
+      }
     }
 
     this.setHeader(field, value);
"
no,no,no,"Multi-line edits and complex structural changes. The patch has 44 changed lines, so it is not considered repairable by simple mutation operators under the >4-line rule.",bid197,Express,"diff --git a/lib/router/index.js b/lib/router/index.js
index 08462c1b..189f3cc7 100644
--- a/lib/router/index.js
+++ b/lib/router/index.js
@@ -132,13 +132,10 @@ proto.handle = function(req, res, done) {
   var stack = self.stack;
 
   // manage inter-router variables
-  var parent = req.next;
   var parentUrl = req.baseUrl || '';
-  done = wrap(done, function(old, err) {
-    req.baseUrl = parentUrl;
-    req.next = parent;
-    old(err);
-  });
+  done = restore(done, req, 'baseUrl', 'next', 'params');
+
+  // setup next layer
   req.next = next;
 
   // for options requests, respond with a default if nothing else responds
@@ -260,13 +257,6 @@ proto.handle = function(req, res, done) {
       }
     }
   }
-
-  function wrap(old, fn) {
-    return function () {
-      var args = [old].concat(slice.call(arguments));
-      fn.apply(this, args);
-    };
-  }
 };
 
 /**
@@ -450,3 +440,31 @@ methods.concat('all').forEach(function(method){
     return this;
   };
 });
+
+// restore obj props after function
+function restore(fn, obj) {
+  var props = new Array(arguments.length - 2);
+  var vals = new Array(arguments.length - 2);
+
+  for (var i = 0; i < props.length; i++) {
+    props[i] = arguments[i + 2];
+    vals[i] = obj[props[i]];
+  }
+
+  return function(err){
+    // restore vals
+    for (var i = 0; i < props.length; i++) {
+      obj[props[i]] = vals[i];
+    }
+
+    return fn.apply(this, arguments);
+  };
+}
+
+// wrap a function
+function wrap(old, fn) {
+  return function () {
+    var args = [old].concat(slice.call(arguments));
+    fn.apply(this, args);
+  };
+}
"
no,no,no,"Multi-line edits and complex structural changes. The patch has 8 changed lines, so it is not considered repairable by simple mutation operators under the >4-line rule.",bid198,Express,"diff --git a/lib/request.js b/lib/request.js
index 3d41617e..10c1421a 100644
--- a/lib/request.js
+++ b/lib/request.js
@@ -476,7 +476,13 @@ req.__defineGetter__('host', function(){
   var host = trustProxy && this.get('X-Forwarded-Host');
   host = host || this.get('Host');
   if (!host) return;
-  return host.split(':')[0];
+  var offset = host[0] === '['
+    ? host.indexOf(']') + 1
+    : 0;
+  var index = host.indexOf(':', offset);
+  return ~index
+    ? host.substring(0, index)
+    : host;
 });
 
 /**
"
no,no,no,"Multi-line edits and complex structural changes. The patch has 13 changed lines, so it is not considered repairable by simple mutation operators under the >4-line rule.",bid199,Express,"diff --git a/lib/application.js b/lib/application.js
index 2214bf6c..b5cb883d 100644
--- a/lib/application.js
+++ b/lib/application.js
@@ -157,9 +157,18 @@ app.use = function use(fn) {
   var self = this;
 
   // default path to '/'
+  // disambiguate app.use([fn])
   if (typeof fn !== 'function') {
-    offset = 1;
-    path = fn;
+    var arg = fn;
+
+    while (Array.isArray(arg) && arg.length !== 0) {
+      arg = arg[0];
+    }
+
+    if (typeof arg !== 'function' && (arg == null || arg.length !== 0)) {
+      offset = 1;
+      path = fn;
+    }
   }
 
   var fns = flatten(slice.call(arguments, offset));
"
no,no,no,"Multi-line edits and complex structural changes. The patch has 15 changed lines, so it is not considered repairable by simple mutation operators under the >4-line rule.",bid200,Express,"diff --git a/lib/router/index.js b/lib/router/index.js
index 48871391..37e3083f 100644
--- a/lib/router/index.js
+++ b/lib/router/index.js
@@ -152,9 +152,7 @@ proto.handle = function(req, res, done) {
   if (req.method === 'OPTIONS') {
     done = wrap(done, function(old, err) {
       if (err || options.length === 0) return old(err);
-
-      var body = options.join(',');
-      return res.set('Allow', body).send(body);
+      sendOptionsResponse(res, options, old);
     });
   }
 
@@ -571,6 +569,17 @@ function restore(fn, obj) {
   };
 }
 
+// send an OPTIONS response
+function sendOptionsResponse(res, options, next) {
+  try {
+    var body = options.join(',');
+    res.set('Allow', body);
+    res.send(body);
+  } catch (err) {
+    next(err);
+  }
+}
+
 // wrap a function
 function wrap(old, fn) {
   return function proxy() {
"
"Condition insertion(CI), Method call replacement(MCR) ","CI[],MCR[]",PIT and Major,"Multi-line edits and complex structural changes. The patch has 8 changed lines, so it is not considered repairable by simple mutation operators under the >4-line rule.",bid201,Express,"diff --git a/lib/response.js b/lib/response.js
index 31c79c0d..cbfc79f7 100644
--- a/lib/response.js
+++ b/lib/response.js
@@ -237,9 +237,13 @@ res.jsonp = function(obj){
   this.charset = this.charset || 'utf-8';
   this.set('Content-Type', 'application/json');
 
+  // fixup callback
+  if (Array.isArray(callback)) {
+    callback = callback[0];
+  }
+
   // jsonp
-  if (callback) {
-    if (Array.isArray(callback)) callback = callback[0];
+  if (callback && 'string' === typeof callback) {
     this.set('Content-Type', 'text/javascript');
     var cb = callback.replace(/[^\[\]\w$.]/g, '');
     body = 'typeof ' + cb + ' === \'function\' && ' + cb + '(' + body + ');';
"
Logical Operator Replacement (LOR),LOR[],PIT and Major,"The patch modifies a logical operator such as && or ||. Therefore, it corresponds to Logical Operator Replacement.",bid202,Express,"diff --git a/lib/router/index.js b/lib/router/index.js
index 0ca1b6fe..c6e6ba21 100644
--- a/lib/router/index.js
+++ b/lib/router/index.js
@@ -126,7 +126,7 @@ proto.handle = function(req, res, done) {
 
   var search = 1 + req.url.indexOf('?');
   var pathlength = search ? search - 1 : req.url.length;
-  var fqdn = 1 + req.url.substr(0, pathlength).indexOf('://');
+  var fqdn = req.url[0] !== '/' && 1 + req.url.substr(0, pathlength).indexOf('://');
   var protohost = fqdn ? req.url.substr(0, req.url.indexOf('/', 2 + fqdn)) : '';
   var idx = 0;
   var removed = '';
"
no,no,no,"Multi-line edits and complex structural changes. The patch has 16 changed lines, so it is not considered repairable by simple mutation operators under the >4-line rule.",bid203,Express,"diff --git a/lib/router/index.js b/lib/router/index.js
index ef98117e..982e2440 100644
--- a/lib/router/index.js
+++ b/lib/router/index.js
@@ -290,6 +290,7 @@ proto.process_params = function(layer, called, req, res, done) {
   var key;
   var paramVal;
   var paramCallbacks;
+  var paramCalled;
 
   // process params in order
   // param callbacks can be async
@@ -312,12 +313,18 @@ proto.process_params = function(layer, called, req, res, done) {
     name = key.name;
     paramVal = req.params[name];
     paramCallbacks = params[name];
+    paramCalled = called[name];
 
-    if (paramVal === undefined || !paramCallbacks || called[name] === paramVal) {
+    if (paramVal === undefined || !paramCallbacks) {
       return param();
     }
 
-    called[name] = paramVal;
+    // param previously called with same value or error occurred
+    if (paramCalled && (paramCalled.err || paramCalled.val === paramVal)) {
+      return param(paramCalled.err);
+    }
+
+    called[name] = paramCalled = { val: paramVal };
 
     try {
       return paramCallback();
@@ -328,6 +335,11 @@ proto.process_params = function(layer, called, req, res, done) {
 
   // single param callbacks
   function paramCallback(err) {
+    if (err && paramCalled) {
+      // store error
+      paramCalled.err = err;
+    }
+
     var fn = paramCallbacks[paramIndex++];
     if (err || !fn) return param(err);
     fn(req, res, paramCallback, paramVal, key.name);
"
no,no,no,"Multi-line edits and complex structural changes. The patch has 12 changed lines, so it is not considered repairable by simple mutation operators under the >4-line rule.",bid204,Hessian-js,"diff --git a/lib/v2/encoder.js b/lib/v2/encoder.js
index 3ab1c3d..ba6bb6a 100644
--- a/lib/v2/encoder.js
+++ b/lib/v2/encoder.js
@@ -28,6 +28,7 @@ function Encoder(options) {
 
   this._classRefs = [];
   this._typeRefs = [];
+  this._classRefFields = {};
 }
 
 util.inherits(Encoder, EncoderV1);
@@ -497,7 +498,7 @@ var _classcache = {};
  * @see http://hessian.caucho.com/doc/hessian-serialization.html##object
  * ```
  */
-proto._writeObjectBegin = function (type) {
+proto._writeObjectBegin = function (type, fields) {
   debug('_writeObjectBegin() type: %s', type);
   var ref = this._classRefs.indexOf(type);
   if (ref >= 0) {
@@ -513,6 +514,7 @@ proto._writeObjectBegin = function (type) {
     // class definition
     this.byteBuffer.putChar('C');
     this._classRefs.push(type);
+    this._classRefFields[type] = fields;
     if (_classcache[type]) {
       this.byteBuffer.put(_classcache[type]);
     } else {
@@ -537,13 +539,13 @@ proto._writeObjectBegin = function (type) {
 // The integer value refers to the object definition.
 //
 // type format: length(writeInt) stringbytes(putRawString)
-proto._writeObject = function (obj, fields) {
+proto._writeObject = function (obj) {
   var className = obj.$class;
   var realObj = obj.$;
-  var ref = this._writeObjectBegin(className);
   // hessian 2.0
   // field defined sort must same as java Class defined
   var keys = Object.keys(realObj);
+  var ref = this._writeObjectBegin(className, keys);
   if (ref === -1) {
     // writeDefinition20
     // out.writeClassFieldLength(_fields.length);
@@ -555,7 +557,7 @@ proto._writeObject = function (obj, fields) {
     }
     this._writeObjectBegin(className);
   }
-
+  keys = this._classRefFields[className];
   // writeInstance
   for (var i = 0; i < keys.length; i++) {
     var key = keys[i];
diff --git a/package.json b/package.json
index 0ff9ef9..2255b43 100644
--- a/package.json
+++ b/package.json
@@ -45,7 +45,7 @@
     ""beautify-benchmark"": ""*"",
     ""benchmark"": ""*"",
     ""istanbul"": ""*"",
-    ""js-to-java"": ""~2.0.6"",
+    ""js-to-java"": ""~2.3.5"",
     ""jshint"": ""*"",
     ""mocha"": ""*"",
     ""should"": ""~5.2.0""
"
"Condition insertion(CI), Variable assignment(VA)","CI[],VA[]",PIT and Major,"Multi-line edits and complex structural changes. The patch has 12 changed lines, so it is not considered repairable by simple mutation operators under the >4-line rule.",bid205,Hessian-js,"diff --git a/lib/v1/decoder.js b/lib/v1/decoder.js
index 63949a0..54599c6 100644
--- a/lib/v1/decoder.js
+++ b/lib/v1/decoder.js
@@ -418,7 +418,6 @@ proto.readObject = function (withType) {
   // get
   var label = this.byteBuffer.getChar();
   var key;
-  var t;
 
   while (label !== 'z') {
     this.byteBuffer.position(this.byteBuffer.position() - 1);
@@ -427,8 +426,7 @@ proto.readObject = function (withType) {
     label = this.byteBuffer.getChar();
     // property name will auto transfer to a String type.
     debug('read object prop: %j with type: %s', key, withType);
-    t = typeof key;
-    if ((t === 'string' || t === 'number') && !/^this\$\d+$/.test(key)) {
+    if (!/^this\$\d+$/.test(key)) {
       result.$[key] = value;
     }
     if (isMap) {
diff --git a/lib/v2/decoder.js b/lib/v2/decoder.js
index 4e4481f..98e4da7 100644
--- a/lib/v2/decoder.js
+++ b/lib/v2/decoder.js
@@ -725,16 +725,12 @@ proto._readMap = function (map, withType) {
 
   var k;
   var v;
-  var t;
   // Z(0x5a) list/map terminator
   while (code !== 0x5a) {
     k = this.read(withType);
     v = this.read(withType);
-    t = typeof k;
-
-    if (t === 'string' || t === 'number') {
-      map[k] = v;
-    }
+    
+    map[k] = v;
     if (supportES6Map) {
       map.$map.set(k, v);
     }
"
no,no,no,"Multi-line edits and complex structural changes. The patch has 70 changed lines, so it is not considered repairable by simple mutation operators under the >4-line rule.",bid206,Hessian-js,"diff --git a/Makefile b/Makefile
deleted file mode 100644
index 3f14e00..0000000
--- a/Makefile
+++ /dev/null
@@ -1,50 +0,0 @@
-TESTS = test/*.test.js
-REPORTER = spec
-TIMEOUT = 5000
-MOCHA_OPTS =
-
-install:
-	@npm install
-
-jshint: install
-	@./node_modules/.bin/jshint .
-
-test: install
-	@NODE_ENV=test ./node_modules/.bin/mocha \
-		--reporter $(REPORTER) \
-		--timeout $(TIMEOUT) \
-		$(MOCHA_OPTS) \
-		$(TESTS)
-
-test-cov cov: install
-	@NODE_ENV=test node \
-		node_modules/.bin/istanbul cover --preserve-comments \
-		./node_modules/.bin/_mocha \
-		-- \
-		--reporter $(REPORTER) \
-		--timeout $(TIMEOUT) \
-		$(MOCHA_OPTS) \
-		$(TESTS)
-
-test-travis: install
-	@NODE_ENV=test node \
-		node_modules/.bin/istanbul cover --preserve-comments \
-		./node_modules/.bin/_mocha \
-		--report lcovonly \
-		-- \
-		--reporter dot \
-		--timeout $(TIMEOUT) \
-		$(MOCHA_OPTS) \
-		$(TESTS)
-
-test-all: test test-cov jshint
-
-benchmark:
-	@node benchmark/encode.js
-	@node benchmark/decode.js
-
-autod: install
-	@./node_modules/.bin/autod -w -e benchmark --prefix ""~""
-	@$(MAKE) install
-
-.PHONY: test benchmark
diff --git a/index.js b/index.js
index f94bf27..f5de04e 100644
--- a/index.js
+++ b/index.js
@@ -1,12 +1,10 @@
 /**!
- * hessian.js - index.js
- *
- * Copyright(c) 2014
+ * Copyright(c) node-modules and other contributors.
  * MIT Licensed
  *
  * Authors:
  *   dead_horse <dead_horse@qq.com> (http://deadhorse.me)
- *   fengmk2 <fengmk2@gmail.com> (http://fengmk2.github.com)
+ *   fengmk2 <fengmk2@gmail.com> (http://fengmk2.com)
  */
 
 'use strict';
diff --git a/lib/v1/encoder.js b/lib/v1/encoder.js
index bdd4786..daac205 100644
--- a/lib/v1/encoder.js
+++ b/lib/v1/encoder.js
@@ -394,6 +394,9 @@ proto.writeArray = function (arr) {
   var className = ''; // empty string meaning: `javaObject.DEFAULT_CLASSNAME.list`
   var realArray = arr;
   if (!isSimpleArray) {
+    if (is.object(arr) && is.nullOrUndefined(arr.$)) {
+      return this.writeNull();
+    }
     var isComplexArray = is.object(arr) &&
       is.string(arr.$class) && is.array(arr.$);
     if (!isComplexArray) {
diff --git a/package.json b/package.json
index 8e917e0..17b8aca 100644
--- a/package.json
+++ b/package.json
@@ -8,7 +8,11 @@
     ""lib/""
   ],
   ""scripts"": {
-    ""test"": ""make test-all""
+    ""test"": ""mocha -R spec -t 15000 -r should test/*.test.js"",
+    ""test-cov"": ""istanbul cover node_modules/.bin/_mocha -- -t 15000 -r should test/*.test.js"",
+    ""lint"": ""jshint ."",
+    ""autod"": ""autod -w --prefix '~' -e benchmark"",
+    ""benchmark"": ""node benchmark/encode.js && node benchmark/decode.js""
   },
   ""repository"": {
     ""type"": ""git"",
@@ -30,7 +34,7 @@
   ""homepage"": ""https://github.com/node-modules/hessian.js"",
   ""dependencies"": {
     ""byte"": ""~1.1.1"",
-    ""debug"": ""~2.1.3"",
+    ""debug"": ""~2.2.0"",
     ""is-type-of"": ""~0.3.1"",
     ""utility"": ""~1.4.0""
   },
@@ -44,5 +48,8 @@
     ""long"": ""~2.2.3"",
     ""mocha"": ""*"",
     ""should"": ""~5.2.0""
+  },
+  ""engines"": {
+    ""node"": "">= 0.10.0""
   }
 }
"
Condition Insertion (CI),CI[],PIT and Major,"The patch inserts a condition or conditional guard. Therefore, it corresponds to Condition Insertion.",bid207,Hessian-js,"diff --git a/lib/v1/encoder.js b/lib/v1/encoder.js
index 9141c86..007bd3c 100644
--- a/lib/v1/encoder.js
+++ b/lib/v1/encoder.js
@@ -299,7 +299,9 @@ proto._writeObject = function (obj) {
  * : {$class: 'java.lang.Map', $: {a: 1}}
  */
 proto.writeObject = function (obj) {
-  if (is.nullOrUndefined(obj)) {
+  if (is.nullOrUndefined(obj) || 
+    // : { a: { '$class': 'xxx', '$': null } }
+    (is.string(obj.$class) && is.nullOrUndefined(obj.$))) {
     debug('writeObject with a null');
     return this.writeNull();
   }
"
no,no,no,"Multi-line edits and complex structural changes. The patch has 9 changed lines, so it is not considered repairable by simple mutation operators under the >4-line rule.",bid208,Hessian-js,"diff --git a/lib/v2/encoder.js b/lib/v2/encoder.js
index 9c9238e..649608c 100644
--- a/lib/v2/encoder.js
+++ b/lib/v2/encoder.js
@@ -19,6 +19,7 @@ var is = require('is-type-of');
 var util = require('util');
 var EncoderV1 = require('../v1/encoder');
 var javaObject = require('../object');
+var utility = require('utility');
 
 var SUPPORT_ES6_MAP = typeof Map === 'function' && typeof Map.prototype.forEach === 'function';
 
@@ -74,6 +75,7 @@ var INT_SHORT_ZERO = 0xd4;    // 212
  * ```
  */
 proto.writeInt = function (val) {
+  this._assertType('writeInt', 'int32', val);
   if (INT_DIRECT_MIN <= val && val <= INT_DIRECT_MAX) {
     this.byteBuffer.put(val + INT_ZERO);
   } else if (INT_BYTE_MIN <= val && val <= INT_BYTE_MAX) {
@@ -140,6 +142,10 @@ proto.writeInt = function (val) {
  * ```
  */
 proto.writeLong = function (val) {
+  if (typeof val !== 'number' && utility.isSafeNumberString(val)) {
+    val = Number(val);
+  }
+
   if (val >= -8 && val <= 15) {
     this.byteBuffer.put(val + 0xe0);
   } else if (val >= -2048 && val <= 2047) {
diff --git a/package.json b/package.json
index 3371c4c..7e20fa5 100644
--- a/package.json
+++ b/package.json
@@ -31,7 +31,8 @@
   ""dependencies"": {
     ""byte"": ""~1.1.1"",
     ""debug"": ""~2.1.3"",
-    ""is-type-of"": ""~0.3.1""
+    ""is-type-of"": ""~0.3.1"",
+    ""utility"": ""~1.4.0""
   },
   ""devDependencies"": {
     ""autod"": ""*"",
"
no,no,no,"Multi-line edits and complex structural changes. The patch has 12 changed lines, so it is not considered repairable by simple mutation operators under the >4-line rule.",bid209,Hessian-js,"diff --git a/lib/v1/decoder.js b/lib/v1/decoder.js
index 3bbbe72..bc04fc6 100644
--- a/lib/v1/decoder.js
+++ b/lib/v1/decoder.js
@@ -412,10 +412,13 @@ proto.readObject = function (withType) {
   while (label !== 'z') {
     this.byteBuffer.position(this.byteBuffer.position() - 1);
     key = this.read();
+    var value = this.read(withType);
+    label = this.byteBuffer.getChar();
     // property name will auto transfer to a String type.
     debug('read object prop: %j with type: %s', key, withType);
-    result.$[key] = this.read(withType);
-    label = this.byteBuffer.getChar();
+    if (!/^this\$\d+$/.test(key)) {
+      result.$[key] = value;
+    }
   }
   debug('read object finish');
 
diff --git a/lib/v2/decoder.js b/lib/v2/decoder.js
index da12389..6943176 100644
--- a/lib/v2/decoder.js
+++ b/lib/v2/decoder.js
@@ -585,7 +585,10 @@ proto.readObject = function (withType) {
   var fields = cls.fields;
   for (var i = 0; i < fields.length; i++) {
     var name = fields[i];
-    result.$[name] = this.read(withType);
+    var value = this.read(withType);
+    if (!/^this\$\d+$/.test(name)) {
+      result.$[name] = value;
+    }
   }
 
   if (/Exception$/.test(cls.name)) {
"
no,no,no,"Multi-line edits and complex structural changes. The patch has 6 changed lines, so it is not considered repairable by simple mutation operators under the >4-line rule.",bid210,Hessian-js,"diff --git a/lib/object.js b/lib/object.js
index ff765a7..4f70ab3 100644
--- a/lib/object.js
+++ b/lib/object.js
@@ -21,7 +21,9 @@ exports.DEFAULT_CLASSNAME = {
   string: 'java.lang.String',
   byteArray: '[B',
   list: 'java.util.ArrayList',
+  // iList: 'java.util.List',
   map: 'java.util.HashMap',
+  iMap: 'java.util.Map',
   exception: 'java.lang.RuntimeException'
 };
 
diff --git a/lib/v1/encoder.js b/lib/v1/encoder.js
index daac205..cb7a4b1 100644
--- a/lib/v1/encoder.js
+++ b/lib/v1/encoder.js
@@ -327,8 +327,8 @@ proto.writeObject = function (obj) {
     // : {a: 1}
     realObj = obj;
   } else {
-    // : {$class: 'java.utils.HashMap', $: {a: 1}}
-    className = obj.$class === javaObject.DEFAULT_CLASSNAME.map ? '' : obj.$class;
+    // : {$class: 'java.util.HashMap', $: {a: 1}}
+    className = obj.$class === javaObject.DEFAULT_CLASSNAME.map || obj.$class === javaObject.DEFAULT_CLASSNAME.iMap ? '' : obj.$class;
     realObj = obj.$;
   }
 
"
no,no,no,"Multi-line edits and complex structural changes. The patch has 24 changed lines, so it is not considered repairable by simple mutation operators under the >4-line rule.",bid211,Hessian-js,"diff --git a/lib/utils.js b/lib/utils.js
index 92ff387..85f4d6a 100644
--- a/lib/utils.js
+++ b/lib/utils.js
@@ -10,13 +10,11 @@
 'use strict';
 
 var debug = require('debug')('hessian.js:utils');
+var Long = require('long');
 var object = require('./object');
 
-var MAX_INT_8 = exports.MAX_INT_8 = Math.pow(2, 7);
-var MAX_INT_16 = exports.MAX_INT_16 = Math.pow(2, 15);
-var MAX_INT_32 = exports.MAX_INT_32 = Math.pow(2, 31);
-var MAX_INT = exports.MAX_INT = Math.pow(2, 53);
-var MAX_INT_HIGH = exports.MAX_INT_HIGH = Math.pow(2, 21);
+var MAX_SAFE_INT = Long.fromNumber(Math.pow(2, 53) - 1);
+var MIN_SAFE_INT = Long.fromNumber(1 - Math.pow(2, 53));
 
 var MAX_BYTE_TRUNK_SIZE = exports.MAX_BYTE_TRUNK_SIZE = 0x8000;
 var MAX_CHAR_TRUNK_SIZE = exports.MAX_CHAR_TRUNK_SIZE = 0x8000;
@@ -39,14 +37,10 @@ exports.isJavaObject = function (type) {
 };
 
 exports.handleLong = function (val) {
-  var notSafeInt = val.high > MAX_INT_HIGH ||       // bigger than 2^54
-    (val.high === MAX_INT_HIGH && val.low > 0) ||   // between 2^53 ~ 2^54
-    val.high < -1 * MAX_INT_HIGH ||                 // smaller than -2^54
-    (val.high === -1 * MAX_INT_HIGH && val.low < 0);// between -2^54 ~ -2^53
-
-  if (notSafeInt) {
-    debug('[hessian.js Warning] Read a not safe long, translate it to string');
-    return val.toString();
+  if (val.greaterThan(MAX_SAFE_INT) || val.lessThan(MIN_SAFE_INT)) {
+    val = val.toString();
+    debug('[hessian.js Warning] Read a not safe long(%s), translate it to string', val);
+    return val;
   }
   return val.toNumber();
 };
diff --git a/package.json b/package.json
index bce8320..cefa1ae 100644
--- a/package.json
+++ b/package.json
@@ -36,7 +36,8 @@
     ""byte"": ""~1.1.1"",
     ""debug"": ""~2.2.0"",
     ""is-type-of"": ""~0.3.1"",
-    ""utility"": ""~1.4.0""
+    ""utility"": ""~1.4.0"",
+    ""long"": ""~3.0.1""
   },
   ""devDependencies"": {
     ""autod"": ""*"",
@@ -45,7 +46,6 @@
     ""istanbul"": ""*"",
     ""js-to-java"": ""~2.0.6"",
     ""jshint"": ""*"",
-    ""long"": ""~2.2.3"",
     ""mocha"": ""*"",
     ""should"": ""~5.2.0""
   },
"
Statament deletion(SD),SD[],PIT and Major,Statement deletion,bid212,Hessian-js,"diff --git a/lib/v1/decoder.js b/lib/v1/decoder.js
index 3609d37..3bbbe72 100644
--- a/lib/v1/decoder.js
+++ b/lib/v1/decoder.js
@@ -412,7 +412,7 @@ proto.readObject = function (withType) {
   while (label !== 'z') {
     this.byteBuffer.position(this.byteBuffer.position() - 1);
     key = this.read();
-    key = key.toString();
+    // property name will auto transfer to a String type.
     debug('read object prop: %j with type: %s', key, withType);
     result.$[key] = this.read(withType);
     label = this.byteBuffer.getChar();
"
Variable Assignment (VA),VA[],PIT and Major,variable assignment inserted,bid213,Hexo,"diff --git a/lib/plugins/console/generate.js b/lib/plugins/console/generate.js
index eeae4cb..ec2c6f1 100644
--- a/lib/plugins/console/generate.js
+++ b/lib/plugins/console/generate.js
@@ -13,6 +13,7 @@ var util = require('hexo-util');
 var join = pathFn.join;
 
 function generateConsole(args) {
+  args = args || {};
   var force = args.f || args.force;
   var route = this.route;
   var publicDir = this.public_dir;
"
no,no,no,"Multi-line edits and complex structural changes. The patch has 30 changed lines, so it is not considered repairable by simple mutation operators under the >4-line rule.",bid214,Hexo,"diff --git a/lib/box/file.js b/lib/box/file.js
index d61ef48..c37d36c 100644
--- a/lib/box/file.js
+++ b/lib/box/file.js
@@ -3,6 +3,9 @@
 var fs = require('hexo-fs');
 var Promise = require('bluebird');
 
+var escapeBOM = fs.escapeBOM;
+var escapeEOL = fs.escapeEOL;
+
 function File(data){
   this.source = data.source;
   this.path = data.path;
@@ -17,10 +20,15 @@ function wrapReadOptions(options){
   if (typeof options === 'string') options = {encoding: options};
   if (!options.hasOwnProperty('encoding')) options.encoding = 'utf8';
   if (!options.hasOwnProperty('cache')) options.cache = true;
+  if (!options.hasOwnProperty('escape')) options.escape = true;
 
   return options;
 }
 
+function escapeContent(str){
+  return escapeBOM(escapeEOL(str));
+}
+
 File.prototype.read = function(options, callback){
   if (!callback && typeof options === 'function'){
     callback = options;
@@ -38,12 +46,12 @@ File.prototype.read = function(options, callback){
     }
 
     var encoding = options.encoding;
+    if (!encoding) return resolve(content);
 
-    if (encoding){
-      resolve(content.toString(encoding));
-    } else {
-      resolve(content);
-    }
+    var result = content.toString(encoding);
+    if (options.escape) return resolve(escapeContent(result));
+
+    resolve(result);
   }).nodeify(callback);
 };
 
@@ -57,12 +65,12 @@ File.prototype.readSync = function(options){
   }
 
   var encoding = options.encoding;
+  if (!encoding) return content;
 
-  if (encoding){
-    return content.toString(encoding);
-  } else {
-    return content;
-  }
+  var result = content.toString(encoding);
+  if (options.escape) return escapeContent(result);
+
+  return result;
 };
 
 File.prototype.stat = function(options, callback){
diff --git a/package.json b/package.json
index c6f2df6..09889b9 100644
--- a/package.json
+++ b/package.json
@@ -35,7 +35,7 @@
     ""chalk"": ""^0.5.1"",
     ""cheerio"": ""^0.18.0"",
     ""hexo-front-matter"": ""^0.2.1"",
-    ""hexo-fs"": ""^0.1.1"",
+    ""hexo-fs"": ""^0.1.2"",
     ""hexo-i18n"": ""^0.2.0"",
     ""hexo-util"": ""^0.1.2"",
     ""js-yaml"": ""^3.2.5"",
"
"Variable assignment(VA), Condition insertion(CI), Method parameter modification(MPM), Modification of return Value(MRV)","VA[],CI[]MPM[],MRV[]",PIT and Major,"Multi-line edits and complex structural changes. The patch has 8 changed lines, so it is not considered repairable by simple mutation operators under the >4-line rule.",bid215,Hexo,"diff --git a/lib/plugins/helper/is.js b/lib/plugins/helper/is.js
index 1608f85..c5c735f 100644
--- a/lib/plugins/helper/is.js
+++ b/lib/plugins/helper/is.js
@@ -22,17 +22,19 @@ function isCurrentHelper(path, strict){
 }
 
 function isHomeHelper(){
+  var path = this.path;
+
   /* jshint validthis: true */
-  if (this.path === '') return true;
+  if (!path || path === 'index.html') return true;
 
   var paginationDir = this.config.pagination_dir;
   var r = regexCache.home[paginationDir];
 
   if (!r){
-    r = regexCache.home[paginationDir] = new RegExp('^' + escapeRegExp(paginationDir) + '\\/\\d+\\/');
+    r = regexCache.home[paginationDir] = new RegExp('^' + escapeRegExp(paginationDir) + '\\/\\d+\\/(index\.html)?$');
   }
 
-  return r.test(this.path);
+  return r.test(path);
 }
 
 function isPostHelper(){
"
"Statment deletion(SD), Modifcation of return value(MRV)","SD[],MRV[]",PIT and Major,"Multi-line edits and complex structural changes. The patch has 5 changed lines, so it is not considered repairable by simple mutation operators under the >4-line rule.",bid216,Hexo,"diff --git a/lib/models/post_asset.js b/lib/models/post_asset.js
index 075ed60..dd87dcd 100644
--- a/lib/models/post_asset.js
+++ b/lib/models/post_asset.js
@@ -2,7 +2,6 @@
 
 var Schema = require('warehouse').Schema;
 var pathFn = require('path');
-var url = require('url');
 
 module.exports = function(ctx) {
   var PostAsset = new Schema({
@@ -18,7 +17,9 @@ module.exports = function(ctx) {
     var post = Post.findById(this.post);
     if (!post) return;
 
-    return url.resolve(post.path, this.slug);
+    // PostAsset.path is file path relative to `public_dir`
+    // no need to urlescape, #1562
+    return pathFn.join(post.path, this.slug);
   });
 
   PostAsset.virtual('source').get(function() {
"
no,no,no,"Multi-line edits and complex structural changes. The patch has 18 changed lines, so it is not considered repairable by simple mutation operators under the >4-line rule.",bid217,Hexo,"diff --git a/lib/plugins/helper/is.js b/lib/plugins/helper/is.js
index 235904c..2124189 100644
--- a/lib/plugins/helper/is.js
+++ b/lib/plugins/helper/is.js
@@ -1,17 +1,29 @@
 'use strict';
 
 function isCurrentHelper(path, strict) {
-  path = path || '';
+  path = path || '/';
+  var currentPath = this.path.replace(/^[^\/].*/, function(_) {
+    return '/' + _;
+  });
 
   if (strict) {
     if (path[path.length - 1] === '/') path += 'index.html';
+    path = path.replace(/^[^\/].*/, function(_) {
+      return '/' + _;
+    });
 
-    return this.path === path;
+    return currentPath === path;
   }
 
   path = path.replace(/\/index\.html$/, '/');
 
-  return this.path.substring(0, path.length) === path;
+  if (path === '/') return currentPath === '/index.html';
+
+  path = path.replace(/^[^\/].*/, function(_) {
+    return '/' + _;
+  });
+
+  return currentPath.substring(0, path.length) === path;
 }
 
 function isHomeHelper() {
"
no,no,no,"Multi-line edits and complex structural changes. The patch has 12 changed lines, so it is not considered repairable by simple mutation operators under the >4-line rule.",bid218,Hexo,"diff --git a/lib/models/post.js b/lib/models/post.js
index 558faea..27b9438 100644
--- a/lib/models/post.js
+++ b/lib/models/post.js
@@ -11,6 +11,14 @@ function pickID(data) {
   return data._id;
 }
 
+function removeEmptyTag(tags) {
+  return tags.filter(function(tag) {
+    return tag != null && tag !== '';
+  }).map(function(tag) {
+    return tag + '';
+  });
+}
+
 module.exports = function(ctx) {
   var Post = new Schema({
     id: String,
@@ -72,6 +80,8 @@ module.exports = function(ctx) {
   });
 
   Post.method('setTags', function(tags) {
+    tags = removeEmptyTag(tags);
+
     var PostTag = ctx.model('PostTag');
     var Tag = ctx.model('Tag');
     var id = this._id;
@@ -121,6 +131,8 @@ module.exports = function(ctx) {
   });
 
   Post.method('setCategories', function(cats) {
+    cats = removeEmptyTag(cats);
+
     var PostCategory = ctx.model('PostCategory');
     var Category = ctx.model('Category');
     var id = this._id;
"
Method call replacement(MCR),MCR[],PIT and Major,"The patch adds an import or require statement. Therefore, it corresponds to Import Statement Addition.",bid219,Hexo,"diff --git a/lib/plugins/helper/toc.js b/lib/plugins/helper/toc.js
index ef7d058..cb45495 100644
--- a/lib/plugins/helper/toc.js
+++ b/lib/plugins/helper/toc.js
@@ -1,6 +1,7 @@
 'use strict';
 
 var cheerio;
+const _ = require('lodash');
 
 function tocHelper(str, options) {
   options = options || {};
@@ -25,7 +26,7 @@ function tocHelper(str, options) {
   headings.each(function() {
     var level = +this.name[1];
     var id = $(this).attr('id');
-    var text = $(this).html();
+    var text = _.escape($(this).text());
 
     lastNumber[level - 1]++;
 
"
Modification of Return Value (MRV),MRV[],PIT and Major,"Multi-line edits and complex structural changes. The patch has 5 changed lines, so it is not considered repairable by simple mutation operators under the >4-line rule.",bid220,Hexo,"diff --git a/lib/plugins/helper/open_graph.js b/lib/plugins/helper/open_graph.js
index 718b31e..8180a95 100644
--- a/lib/plugins/helper/open_graph.js
+++ b/lib/plugins/helper/open_graph.js
@@ -85,8 +85,9 @@ function openGraphHelper(options) {
 
   images = images.map(function(path) {
     if (!urlFn.parse(path).host) {
-      if (path[0] !== '/') path = '/' + path;
-      return config.url + path;
+      // resolve `path`'s absolute path relative to current page's url
+      // `path` can be both absolute (starts with `/`) or relative.
+      return urlFn.resolve(url || config.url, path);
     }
 
     return path;
"
no,no,no,"Multi-line edits and complex structural changes. The patch has 6 changed lines, so it is not considered repairable by simple mutation operators under the >4-line rule.",bid221,Hexo,"diff --git a/lib/plugins/helper/paginator.js b/lib/plugins/helper/paginator.js
index 946b6f8..b73e475 100644
--- a/lib/plugins/helper/paginator.js
+++ b/lib/plugins/helper/paginator.js
@@ -4,8 +4,8 @@ function paginatorHelper(options){
   /* jshint validthis: true */
   options = options || {};
 
-  var current = options.current || this.current || 0;
-  var total = options.total || this.total || 1;
+  var current = options.current || this.page.current || 0;
+  var total = options.total || this.page.total || 1;
   var endSize = options.hasOwnProperty('end_size') ? +options.end_size : 1;
   var midSize = options.hasOwnProperty('mid_size') ? +options.mid_size : 2;
   var space = options.hasOwnProperty('space') ? options.space : '&hellip;';
@@ -19,6 +19,8 @@ function paginatorHelper(options){
   var result = '';
   var i;
 
+  if (!current) return '';
+
   var currentPage = '<span class=""page-number current"">' +
     (transform ? transform(current) : current) +
     '</span>';
"
no,no,no,"Multi-line edits and complex structural changes. The patch has 21 changed lines, so it is not considered repairable by simple mutation operators under the >4-line rule.",bid222,Hexo,"diff --git a/lib/box/index.js b/lib/box/index.js
index 9517850..5abb808 100644
--- a/lib/box/index.js
+++ b/lib/box/index.js
@@ -4,7 +4,6 @@ var _ = require('lodash');
 var File = require('./file');
 var util = require('hexo-util');
 var fs = require('hexo-fs');
-var prettyHrtime = require('pretty-hrtime');
 var crypto = require('crypto');
 var chalk = require('chalk');
 
@@ -291,7 +290,6 @@ Box.prototype._dispatch = function(item){
   var self = this;
   var ctx = this.context;
   var base = this.base;
-  var start = process.hrtime();
 
   // Skip processing files
   if (this.processingFiles[path]) return;
@@ -317,8 +315,7 @@ Box.prototype._dispatch = function(item){
     return Promise.method(processor.process).call(ctx, file).thenReturn(count + 1);
   }, 0).then(function(count){
     if (count){
-      var interval = prettyHrtime(process.hrtime(start));
-      ctx.log.debug('Processed in %s: %s', chalk.cyan(interval), chalk.magenta(path));
+      ctx.log.debug('Processed: %s', chalk.magenta(path));
     }
   }, function(err){
     ctx.log.error({err: err}, 'Process failed: %s', chalk.magenta(path));
diff --git a/lib/hexo/index.js b/lib/hexo/index.js
index 4dcfc58..079ebff 100644
--- a/lib/hexo/index.js
+++ b/lib/hexo/index.js
@@ -20,7 +20,6 @@ var Router = require('./router');
 var Theme = require('../theme');
 var defaultConfig = require('./default_config');
 var loadDatabase = require('./load_database');
-var prettyHrtime = require('pretty-hrtime');
 
 var libDir = pathFn.dirname(__dirname);
 var sep = pathFn.sep;
@@ -301,20 +300,17 @@ Hexo.prototype._generate = function(options){
     // Run generators
     return Promise.reduce(keys, function(result, key){
       var generator = generators[key];
-      var start = process.hrtime();
 
       return generator.call(self, siteLocals).then(function(data){
-        var interval = prettyHrtime(process.hrtime(start));
+        log.debug('Generator: %s', chalk.magenta(key));
 
-        log.debug('Generator in %s: %s', chalk.cyan(interval), chalk.magenta(key));
-
-        return data ? result.concat(data) : data;
+        return data ? result.concat(data) : result;
       });
     }, []);
   })
+  // Add routes
   .each(function(item){
-    // Add routes
-    if (item.path == null) return;
+    if (typeof item !== 'object' || item.path == null) return;
 
     var path = route.format(item.path);
     var data = item.data;
diff --git a/lib/plugins/console/generate.js b/lib/plugins/console/generate.js
index 826ff07..de27a2b 100644
--- a/lib/plugins/console/generate.js
+++ b/lib/plugins/console/generate.js
@@ -15,14 +15,12 @@ function generateConsole(args){
   function generateFile(path){
     var data = route.get(path);
     var dest = pathFn.join(publicDir, path);
-    var start = process.hrtime();
 
     // TODO: Retry when EMFILE error occurred
     return fs.ensureWriteStream(dest).then(function(stream){
       return pipeStream(data, stream);
     }).then(function(){
-      var interval = prettyHrtime(process.hrtime(start));
-      log.info('Generated in %s: %s', chalk.cyan(interval), chalk.magenta(path));
+      log.info('Generated: %s', chalk.magenta(path));
     });
   }
 
"
no,no,no,"Multi-line edits and complex structural changes. The patch has 10 changed lines, so it is not considered repairable by simple mutation operators under the >4-line rule.",bid223,Hexo,"diff --git a/lib/hexo/index.js b/lib/hexo/index.js
index 4d1c2d0..2424307 100644
--- a/lib/hexo/index.js
+++ b/lib/hexo/index.js
@@ -23,6 +23,7 @@ var Theme = require('../theme');
 var Locals = require('./locals');
 var defaultConfig = require('./default_config');
 var loadDatabase = require('./load_database');
+var MultiConfigPath = require('./multi_config_path');
 
 var libDir = pathFn.dirname(__dirname);
 var sep = pathFn.sep;
@@ -32,6 +33,8 @@ function Hexo(base, args) {
   base = base || process.cwd();
   args = args || {};
 
+  var mcp = new MultiConfigPath(this);
+
   EventEmitter.call(this);
 
   this.base_dir = base + sep;
@@ -53,10 +56,6 @@ function Hexo(base, args) {
     init: false
   };
 
-  var multiConfigPath = require('./multi_config_path')(this);
-  this.config_path = args.config ? multiConfigPath(base, args.config)
-                                 : pathFn.join(base, '_config.yml');
-
   this.extend = {
     console: new extend.Console(),
     deployer: new extend.Deployer(),
@@ -90,6 +89,9 @@ function Hexo(base, args) {
     path: pathFn.join(base, 'db.json')
   });
 
+  this.config_path = args.config ? mcp(base, args.config)
+                                 : pathFn.join(base, '_config.yml');
+
   registerModels(this);
 
   this.source = new Source(this);
"
Method Parameter Modification (MPM),MPM[],PIT and Major,"The patch modifies the argument list of an existing method/function call. Therefore, it corresponds to Method Parameter Modification.",bid224,Hexo,"diff --git a/lib/hexo/post.js b/lib/hexo/post.js
index e1f0fff..db1ccb5 100644
--- a/lib/hexo/post.js
+++ b/lib/hexo/post.js
@@ -47,7 +47,7 @@ Post.prototype.create = function(data, replace, callback){
   var ctx = this.context;
   var config = ctx.config;
 
-  data.slug = slugize(data.slug || data.title, {transform: config.filename_case});
+  data.slug = slugize((data.slug || data.title).toString(), {transform: config.filename_case});
   data.layout = (data.layout || config.default_layout).toLowerCase();
   data.date = data.date ? moment(data.date) : moment();
 
@@ -204,7 +204,7 @@ Post.prototype.publish = function(data, replace, callback){
   var ctx = this.context;
   var config = ctx.config;
   var draftDir = pathFn.join(ctx.source_dir, '_drafts');
-  var slug = data.slug = slugize(data.slug, {transform: config.filename_case});
+  var slug = data.slug = slugize(data.slug.toString(), {transform: config.filename_case});
   var regex = new RegExp('^' + escapeRegExp(slug) + '(?:[^\\/\\\\]+)');
   var self = this;
   var src = '';
"
String Modification (SM),SM[],PIT and Major,"The patch modifies a string literal. Therefore, it corresponds to String Modification.",bid225,Karma,"diff --git a/lib/reporter.js b/lib/reporter.js
index ebf6dc2..9d350f4 100644
--- a/lib/reporter.js
+++ b/lib/reporter.js
@@ -21,7 +21,7 @@ var createErrorFormatter = function (basePath, emitter, SourceMapConsumer) {
     return null
   }
 
-  var URL_REGEXP = new RegExp('http:\\/\\/[^\\/]*\\/' +
+  var URL_REGEXP = new RegExp('(?:http:\\/\\/[^\\/]*)?\\/?' +
     '(base|absolute)' + // prefix
     '((?:[A-z]\\:)?[^\\?\\s\\:]*)' + // path
     '(\\?\\w*)?' + // sha
"
no,no,no,"Multi-line edits and complex structural changes. The patch has 11 changed lines, so it is not considered repairable by simple mutation operators under the >4-line rule.",bid226,Karma,"diff --git a/lib/middleware/proxy.js b/lib/middleware/proxy.js
index d84c7e4..1a4f31e 100644
--- a/lib/middleware/proxy.js
+++ b/lib/middleware/proxy.js
@@ -40,10 +40,15 @@ var parseProxyConfig = function (proxies, config) {
 
     var hostname = proxyDetails.hostname || config.hostname
     var protocol = proxyDetails.protocol || config.protocol
-    var port = proxyDetails.port || config.port ||
-      (proxyDetails.protocol === 'https:' ? '443' : '80')
     var https = proxyDetails.protocol === 'https:'
-
+    var port
+    if (proxyDetails.port) {
+      port = proxyDetails.port
+    } else if (proxyDetails.protocol) {
+      port = proxyDetails.protocol === 'https:' ? '443' : '80'
+    } else {
+      port = config.port
+    }
     var changeOrigin = 'changeOrigin' in proxyConfiguration ? proxyConfiguration.changeOrigin : false
     var proxy = httpProxy.createProxyServer({
       target: {
"
Modification of Return Value (MRV),MRV[],PIT and Major,"The patch modifies the value returned by a return statement. Therefore, it corresponds to Modification of Return Value.",bid227,Karma,"diff --git a/lib/reporter.js b/lib/reporter.js
index 72754c4..75d7bb5 100644
--- a/lib/reporter.js
+++ b/lib/reporter.js
@@ -96,7 +96,7 @@ var createErrorFormatter = function (config, emitter, SourceMapConsumer) {
 
     // allow the user to format the error
     if (config.formatError) {
-      msg = config.formatError(msg)
+      return config.formatError(msg)
     }
 
     return msg + '\n'
"
Modification of Condition Statement (MOCS),MOCS[],PIT and Major,Condition statement expression was modified,bid228,Karma,"diff --git a/lib/reporter.js b/lib/reporter.js
index fca44ec..dab5574 100644
--- a/lib/reporter.js
+++ b/lib/reporter.js
@@ -49,7 +49,7 @@ var createErrorFormatter = function (basePath, emitter, SourceMapConsumer) {
 
       var file = findFile(path)
 
-      if (file && file.sourceMap) {
+      if (file && file.sourceMap && line) {
         line = parseInt(line || '0', 10)
 
         column = parseInt(column, 10)
"
Variable Assignment (VA),VA[],PIT and Major,variable assignment inserted,bid229,Karma,"diff --git a/lib/reporters/progress.js b/lib/reporters/progress.js
index e437250..eb2f4f2 100644
--- a/lib/reporters/progress.js
+++ b/lib/reporters/progress.js
@@ -4,6 +4,7 @@ var ProgressReporter = function (formatError, reportSlow, useColors, browserCons
   BaseReporter.call(this, formatError, reportSlow, useColors, browserConsoleLogOptions)
 
   this.EXCLUSIVELY_USE_COLORS = false
+  this._browsers = []
 
   this.writeCommonMsg = function (msg) {
     this.write(this._remove() + msg + this._render())
"
"Variable assignment(VA), Condition insertion(CI), Modification return value(MRV)","VA[],CI[],MRV[]",PIT and Major,"Multi-line edits and complex structural changes. The patch has 7 changed lines, so it is not considered repairable by simple mutation operators under the >4-line rule.",bid230,Karma,"diff --git a/lib/cli.js b/lib/cli.js
index 4f3982c..a28b559 100644
--- a/lib/cli.js
+++ b/lib/cli.js
@@ -18,8 +18,13 @@ var processArgs = function(argv, options, fs, path) {
 
   // TODO(vojta): warn/throw when unknown argument (probably mispelled)
   Object.getOwnPropertyNames(argv).forEach(function(name) {
+    var argumentValue = argv[name];
     if (name !== '_' && name !== '$0') {
-      options[helper.dashToCamel(name)] = argv[name];
+      if (Array.isArray(argumentValue)) {
+        // If the same argument is defined multiple times, override.
+        argumentValue = argumentValue.pop();
+      }
+      options[helper.dashToCamel(name)] = argumentValue;
     }
   });
 
"
no,no,no,"Multi-line edits and complex structural changes. The patch has 14 changed lines, so it is not considered repairable by simple mutation operators under the >4-line rule.",bid231,Karma,"diff --git a/lib/runner.js b/lib/runner.js
index 5f3c264..d09f537 100644
--- a/lib/runner.js
+++ b/lib/runner.js
@@ -10,24 +10,23 @@ var parseExitCode = function (buffer, defaultCode, failOnEmptyTestSuite) {
   var tailPos = buffer.length - Buffer.byteLength(constant.EXIT_CODE) - 2
 
   if (tailPos < 0) {
-    return defaultCode
+    return {exitCode: defaultCode, buffer: buffer}
   }
 
   // tail buffer which might contain the message
   var tail = buffer.slice(tailPos)
   var tailStr = tail.toString()
   if (tailStr.substr(0, tailStr.length - 2) === constant.EXIT_CODE) {
-    tail.fill('\x00')
     var emptyInt = parseInt(tailStr.substr(-2, 1), 10)
     var exitCode = parseInt(tailStr.substr(-1), 10)
     if (failOnEmptyTestSuite === false && emptyInt === 0) {
       log.warn('Test suite was empty.')
-      return 0
+      exitCode = 0
     }
-    return exitCode
+    return {exitCode: exitCode, buffer: buffer.slice(0, tailPos)}
   }
 
-  return defaultCode
+  return {exitCode: defaultCode, buffer: buffer}
 }
 
 // TODO(vojta): read config file (port, host, urlRoot)
@@ -50,8 +49,9 @@ exports.run = function (config, done) {
 
   var request = http.request(options, function (response) {
     response.on('data', function (buffer) {
-      exitCode = parseExitCode(buffer, exitCode, config.failOnEmptyTestSuite)
-      process.stdout.write(buffer)
+      var parsedResult = parseExitCode(buffer, exitCode, config.failOnEmptyTestSuite)
+      exitCode = parsedResult.exitCode
+      process.stdout.write(parsedResult.buffer)
     })
 
     response.on('end', function () {
"
Variable Assignment (VA),VA[],PIT and Major,variable assignment inserted,bid232,Karma,"diff --git a/lib/reporter.js b/lib/reporter.js
index 546571d..5caedae 100644
--- a/lib/reporter.js
+++ b/lib/reporter.js
@@ -9,6 +9,7 @@ var baseReporterDecoratorFactory = require('./reporters/base').decoratorFactory
 
 var createErrorFormatter = function (config, emitter, SourceMapConsumer) {
   var basePath = config.basePath
+  var urlRoot = config.urlRoot || ''
   var lastServedFiles = []
 
   emitter.on('file_list_modified', function (files) {
@@ -26,6 +27,7 @@ var createErrorFormatter = function (config, emitter, SourceMapConsumer) {
 
   var URL_REGEXP = new RegExp('(?:https?:\\/\\/' +
     config.hostname + '(?:\\:' + config.port + ')?' + ')?\\/?' +
+    urlRoot + '\\/?' +
     '(base/|absolute)' + // prefix, including slash for base/ to create relative paths.
     '((?:[A-z]\\:)?[^\\?\\s\\:]*)' + // path
     '(\\?\\w*)?' + // sha
"
Modification of Return Value (MRV),MRV[],PIT and Major,"The patch modifies the value returned by a return statement. Therefore, it corresponds to Modification of Return Value.",bid233,Karma,"diff --git a/lib/watcher.js b/lib/watcher.js
index ce76e37..78ae30a 100644
--- a/lib/watcher.js
+++ b/lib/watcher.js
@@ -8,7 +8,9 @@ var DIR_SEP = require('path').sep;
 
 // Get parent folder, that be watched (does not contain any special globbing character)
 var baseDirFromPattern = function(pattern) {
-  return pattern.replace(/\/[^\/]*[\*\(].*$/, '') || '/';
+  return pattern.replace(/\/[^\/]*\*.*$/, '')           // remove parts with *
+                .replace(/\/[^\/]*[\!\+]\(.*$/, '')     // remove parts with !(...) and +(...)
+                .replace(/\/[^\/]*\)\?.*$/, '') || '/'; // remove parts with (...)?
 };
 
 var watchPatterns = function(patterns, watcher) {
"
no,no,no,"Multi-line edits and complex structural changes. The patch has 57 changed lines, so it is not considered repairable by simple mutation operators under the >4-line rule.",bid234,Karma,"diff --git a/lib/watcher.js b/lib/watcher.js
index a6055bb..232ffa8 100644
--- a/lib/watcher.js
+++ b/lib/watcher.js
@@ -17,13 +17,7 @@ var watchPatterns = function(patterns, watcher) {
   var uniqueMap = {};
   var path;
 
-  patterns.forEach(function(patternObject) {
-    var pattern = patternObject.pattern;
-
-    if (!patternObject.watched) {
-      return;
-    }
-
+  patterns.forEach(function(pattern) {
     path = baseDirFromPattern(pattern);
     if (!uniqueMap[path]) {
       uniqueMap[path] = true;
@@ -42,27 +36,50 @@ var watchPatterns = function(patterns, watcher) {
   });
 };
 
-// Function to test if an item is on the exclude list
-// and therefore should not be watched by chokidar
-// TODO(vojta): ignore non-matched files as well
-var createIgnore = function(excludes) {
-  return function(item) {
-    var matchExclude = function(pattern) {
-      log.debug('Excluding %s', pattern);
-      return mm(item, pattern, {dot: true});
-    };
-    return excludes.some(matchExclude);
+// Function to test if a path should be ignored by chokidar.
+var createIgnore = function(patterns, excludes) {
+  return function(path, stat) {
+    if (!stat || stat.isDirectory()) {
+      return false;
+    }
+
+    // Check if the path matches any of the watched patterns.
+    if (!patterns.some(function(pattern) {
+      return mm(path, pattern, {dot: true});
+    })) {
+      return true;
+    }
+
+    // Check if the path matches any of the exclude patterns.
+    if (excludes.some(function(pattern) {
+      return mm(path, pattern, {dot: true});
+    })) {
+      return true;
+    }
+
+    return false;
   };
 };
 
+var onlyWatchedTrue = function(pattern) {
+  return pattern.watched;
+};
+
+var getWatchedPatterns = function(patternObjects) {
+  return patternObjects.filter(onlyWatchedTrue).map(function(patternObject) {
+    return patternObject.pattern;
+  });
+};
+
 exports.watch = function(patterns, excludes, fileList) {
+  var watchedPatterns = getWatchedPatterns(patterns);
   var options = {
     ignorePermissionErrors: true,
-    ignored: createIgnore(excludes)
+    ignored: createIgnore(watchedPatterns, excludes)
   };
   var chokidarWatcher = new chokidar.FSWatcher(options);
 
-  watchPatterns(patterns, chokidarWatcher);
+  watchPatterns(watchedPatterns, chokidarWatcher);
 
   var bind = function(fn) {
     return function(path) {
diff --git a/package.json b/package.json
index 48f127a..0c2c5a1 100644
--- a/package.json
+++ b/package.json
@@ -90,7 +90,7 @@
   ""dependencies"": {
     ""di"": ""~0.0.1"",
     ""socket.io"": ""~0.9.13"",
-    ""chokidar"": ""~0.6"",
+    ""chokidar"": ""~0.7.0"",
     ""glob"": ""~3.1.21"",
     ""minimatch"": ""~0.2"",
     ""http-proxy"": ""~0.10"",
"
Method Parameter Modification (MPM),MPM[],PIT and Major,"The patch modifies the argument list of an existing method/function call. Therefore, it corresponds to Method Parameter Modification.",bid235,Karma,"diff --git a/lib/preprocessor.js b/lib/preprocessor.js
index 4e14718..3d7db2a 100644
--- a/lib/preprocessor.js
+++ b/lib/preprocessor.js
@@ -52,6 +52,7 @@ var createPreprocessor = function(config, basePath, injector) {
       if (!preprocessors.length) {
         file.contentPath = null;
         file.content = content;
+        file.sha = sha1(content);
         return done();
       }
 
@@ -93,7 +94,6 @@ var createPreprocessor = function(config, basePath, injector) {
       if (err) {
         throw err;
       }
-      file.sha = sha1(buffer);
       nextPreprocessor(null, thisFileIsBinary ? buffer : buffer.toString());
     });
   };
"
no,no,no,"Multi-line edits and complex structural changes. The patch has 18 changed lines, so it is not considered repairable by simple mutation operators under the >4-line rule.",bid236,Karma,"diff --git a/lib/middleware/karma.js b/lib/middleware/karma.js
index c68261e..6836af5 100644
--- a/lib/middleware/karma.js
+++ b/lib/middleware/karma.js
@@ -83,7 +83,7 @@ var createKarmaMiddleware = function(filesPromise, serveStaticFile,
               filePath = filePathToUrlPath(filePath, basePath);
 
               if (requestUrl === '/context.html') {
-                filePath += '?' + file.mtime.getTime();
+                filePath += '?' + file.sha;
               }
             }
 
@@ -98,7 +98,7 @@ var createKarmaMiddleware = function(filesPromise, serveStaticFile,
           var mappings = files.served.map(function(file) {
             var filePath = filePathToUrlPath(file.path, basePath);
 
-            return util.format('  \'%s\': \'%d\'', filePath, file.mtime.getTime());
+            return util.format('  \'%s\': \'%s\'', filePath, file.sha);
           });
 
           mappings = 'window.__karma__.files = {\n' + mappings.join(',\n') + '\n};\n';
diff --git a/lib/preprocessor.js b/lib/preprocessor.js
index 3743ad1..76caaa0 100644
--- a/lib/preprocessor.js
+++ b/lib/preprocessor.js
@@ -53,13 +53,15 @@ var createPreprocessor = function(config, basePath, injector) {
       }
     }
 
-    if (preprocessors.length) {
-      return fs.readFile(file.originalPath, function(err, buffer) {
-        nextPreprocessor(buffer.toString());
-      });
-    }
+    // compute SHA of the content
+    preprocessors.push(function(content, file, done) {
+      file.sha = sha1(content);
+      done(content);
+    });
 
-    return process.nextTick(done);
+    return fs.readFile(file.originalPath, function(err, buffer) {
+      nextPreprocessor(buffer.toString());
+    });
   };
 };
 createPreprocessor.$inject = ['config.preprocessors', 'config.basePath', 'injector'];
"
no,no,no,"Multi-line edits and complex structural changes. The patch has 30 changed lines, so it is not considered repairable by simple mutation operators under the >4-line rule.",bid237,Karma,"diff --git a/lib/launchers/Base.js b/lib/launchers/Base.js
index d91fef5..dad0086 100644
--- a/lib/launchers/Base.js
+++ b/lib/launchers/Base.js
@@ -26,6 +26,7 @@ var BaseBrowser = function(id, emitter, captureTimeout, retryLimit) {
 
   this.start = function(url) {
     capturingUrl = url;
+    self.state = BEING_CAPTURED;
 
     try {
       log.debug('Creating temp dir at ' + self._tempDir);
@@ -33,7 +34,6 @@ var BaseBrowser = function(id, emitter, captureTimeout, retryLimit) {
     } catch (e) {}
 
     self._start(capturingUrl + '?id=' + self.id);
-    self.state = BEING_CAPTURED;
 
     if (captureTimeout) {
       setTimeout(self._onTimeout, captureTimeout);
@@ -104,13 +104,35 @@ var BaseBrowser = function(id, emitter, captureTimeout, retryLimit) {
     self._process = spawn(cmd, args);
 
     var errorOutput = '';
-    self._process.stderr.on('data', function(data) {
-      errorOutput += data.toString();
-    });
 
     self._process.on('close', function(code) {
       self._onProcessExit(code, errorOutput);
     });
+
+    self._process.on('error', function(err) {
+      if (err.code === 'ENOENT') {
+        retryLimit = 0;
+        errorOutput = 'Can not find the binary ' + cmd + '\n\t' +
+                      'Please set env variable ' + self.ENV_CMD;
+      } else {
+        errorOutput += err.toString();
+      }
+    });
+
+    // Node 0.8 does not emit the error
+    if (process.versions.node.indexOf('0.8') === 0) {
+      self._process.stderr.on('data', function(data) {
+        var msg = data.toString();
+
+        if (msg.indexOf('No such file or directory') !== -1) {
+          retryLimit = 0;
+          errorOutput = 'Can not find the binary ' + cmd + '\n\t' +
+                        'Please set env variable ' + self.ENV_CMD;
+        } else {
+          errorOutput += msg;
+        }
+      });
+    }
   };
 
 
"
MCR,"SI[],MCR[]",PIT and Major,"Multi-line edits and complex structural changes. The patch has 5 changed lines, so it is not considered repairable by simple mutation operators under the >4-line rule.",bid238,Karma,"diff --git a/lib/server.js b/lib/server.js
index a5dbe74..0c91bdb 100644
--- a/lib/server.js
+++ b/lib/server.js
@@ -184,6 +184,7 @@ Server.prototype._start = function (config, launcher, preprocess, fileList,
       var noLoadErrors = self.loadErrors.length
       if (noLoadErrors > 0) {
         self.log.error('Found %d load error%s', noLoadErrors, noLoadErrors === 1 ? '' : 's')
+        process.exitCode = 1
         process.kill(process.pid, 'SIGINT')
       }
     })
@@ -392,7 +393,9 @@ Server.prototype._start = function (config, launcher, preprocess, fileList,
     })
   }
 
-  processWrapper.on('SIGINT', disconnectBrowsers)
+  processWrapper.on('SIGINT', function () {
+    disconnectBrowsers(process.exitCode)
+  })
   processWrapper.on('SIGTERM', disconnectBrowsers)
 
   // Handle all unhandled exceptions, so we don't just exit but
"
no,no,no,"Multi-line edits and complex structural changes. The patch has 12 changed lines, so it is not considered repairable by simple mutation operators under the >4-line rule.",bid239,Karma,"diff --git a/lib/file-list.js b/lib/file-list.js
index 3878df9..db83167 100644
--- a/lib/file-list.js
+++ b/lib/file-list.js
@@ -221,14 +221,14 @@ Object.defineProperty(List.prototype, 'files', {
       return pattern.served
     })
     .map(function (p) {
-      return from(self.buckets.get(p.pattern)).sort(byPath)
+      return from(self.buckets.get(p.pattern) || []).sort(byPath)
     })
 
     var included = this._patterns.filter(function (pattern) {
       return pattern.included
     })
     .map(function (p) {
-      return from(self.buckets.get(p.pattern)).sort(byPath)
+      return from(self.buckets.get(p.pattern) || []).sort(byPath)
     })
 
     var uniqFlat = function (list) {
diff --git a/lib/middleware/common.js b/lib/middleware/common.js
index 84da281..b098790 100644
--- a/lib/middleware/common.js
+++ b/lib/middleware/common.js
@@ -9,7 +9,7 @@ var PromiseContainer = function () {
   var promise
 
   this.then = function (success, error) {
-    return promise.then(success, error)
+    return promise.then(success).catch(error)
   }
 
   this.set = function (newPromise) {
diff --git a/lib/web-server.js b/lib/web-server.js
index f607ba2..139b5e3 100644
--- a/lib/web-server.js
+++ b/lib/web-server.js
@@ -29,12 +29,16 @@ var createCustomHandler = function (customFileHandlers, /* config.basePath */ ba
 
 createCustomHandler.$inject = ['customFileHandlers', 'config.basePath']
 
-var createWebServer = function (injector, emitter) {
+var createWebServer = function (injector, emitter, fileList) {
   var config = injector.get('config')
   var serveStaticFile = common.createServeFile(fs, path.normalize(__dirname + '/../static'))
   var serveFile = common.createServeFile(fs)
   var filesPromise = new common.PromiseContainer()
 
+  // Set an empty list of files to avoid race issues with
+  // file_list_modified not having been emitted yet
+  filesPromise.set(Promise.resolve(fileList.files))
+
   emitter.on('file_list_modified', function (files) {
     filesPromise.set(Promise.resolve(files))
   })
"
no,no,no,"Multi-line edits and complex structural changes. The patch has 60 changed lines, so it is not considered repairable by simple mutation operators under the >4-line rule.",bid240,Karma,"diff --git a/lib/middleware/common.js b/lib/middleware/common.js
index 4a3dea1..3f2c9a9 100644
--- a/lib/middleware/common.js
+++ b/lib/middleware/common.js
@@ -4,6 +4,7 @@
 
 var mime = require('mime')
 var _ = require('lodash')
+var parseRange = require('range-parser')
 
 var log = require('../logger').create('web-server')
 
@@ -33,41 +34,35 @@ var createServeFile = function (fs, directory, config) {
     var responseData
 
     var convertForRangeRequest = function () {
-      // If the header is invalid, ignore
-      if (!rangeHeader.startsWith('bytes=')) {
+      var range = parseRange(responseData.length, rangeHeader)
+      if (range === -2) {
+        // malformed header string
         return 200
-      }
-
-      responseData = new Buffer(responseData)
-
-      var ranges = rangeHeader.substr(6)
-      if (ranges.indexOf(',') >= 0) {
-        // Multiple ranges are not supported.
+      } else if (range === -1) {
+        // unsatisfiable range
         responseData = new Buffer(0)
-        return 416  // Requested range not satisfiable
-      }
-      var parts = /^([0-9]*)-([0-9]*)$/.exec(ranges)
-      if (!parts || (!parts[1] && !parts[2])) {
-        return 200
-      }
-      var start, end
-      if (parts[1]) {
-        start = Number(parts[1])
-        end = parts[2] ? Number(parts[2]) : responseData.length
-      } else {
-        end = responseData.length
-        start = responseData.length - Number(parts[2])
-      }
-      if (end <= start) {
-        responseData = new Buffer(0)
-        return 416  // Requested range not satisfiable
+        return 416
+      } else if (range.type === 'bytes') {
+        responseData = new Buffer(responseData)
+        if (range.length === 1) {
+          var start = range[0].start
+          var end = range[0].end
+          response.setHeader(
+            'Content-Range',
+            'bytes ' + start + '-' + end + '/' + responseData.length
+          )
+          response.setHeader('Accept-Ranges', 'bytes')
+          response.setHeader('Content-Length', end - start + 1)
+          responseData = responseData.slice(start, end + 1)
+          return 206
+        } else {
+          // Multiple ranges are not supported. Maybe future?
+          responseData = new Buffer(0)
+          return 416
+        }
       }
-
-      response.setHeader(
-          'Content-Range',
-          'bytes ' + start + '-' + end + '/' + responseData.length)
-      responseData = responseData.slice(start, end + 1)
-      return 206
+      // All other states, ignore
+      return 200
     }
 
     if (directory) {
diff --git a/package.json b/package.json
index 8873a1f..208ce32 100644
--- a/package.json
+++ b/package.json
@@ -314,6 +314,7 @@
     ""minimatch"": ""^3.0.0"",
     ""optimist"": ""^0.6.1"",
     ""qjobs"": ""^1.1.4"",
+    ""range-parser"": ""^1.2.0"",
     ""rimraf"": ""^2.3.3"",
     ""socket.io"": ""1.4.7"",
     ""source-map"": ""^0.5.3"",
"
no,no,no,"Multi-line edits and complex structural changes. The patch has 27 changed lines, so it is not considered repairable by simple mutation operators under the >4-line rule.",bid241,Karma,"diff --git a/lib/middleware/karma.js b/lib/middleware/karma.js
index 2e603b3..0c965a5 100644
--- a/lib/middleware/karma.js
+++ b/lib/middleware/karma.js
@@ -15,6 +15,8 @@ var path = require('path')
 var util = require('util')
 var url = require('url')
 
+var log = require('../logger').create('middleware:karma')
+
 var urlparse = function (urlStr) {
   var urlObj = url.parse(urlStr, true)
   urlObj.query = urlObj.query || {}
@@ -59,10 +61,20 @@ var getXUACompatibleUrl = function (url) {
   return value
 }
 
-var createKarmaMiddleware = function (filesPromise, serveStaticFile, serveFile,
-  /* config.basePath */ basePath, /* config.urlRoot */ urlRoot, /* config.client */ client,
-  /* config.customContextFile */ customContextFile, /* config.customDebugFile */ customDebugFile) {
+var createKarmaMiddleware = function (
+  filesPromise,
+  serveStaticFile,
+  serveFile,
+  injector,
+  /* config.basePath */ basePath,
+  /* config.urlRoot */ urlRoot
+) {
   return function (request, response, next) {
+    // These config values should be up to date on every request
+    var client = injector.get('config.client')
+    var customContextFile = injector.get('config.customContextFile')
+    var customDebugFile = injector.get('config.customDebugFile')
+
     var requestUrl = request.normalizedUrl.replace(/\?.*/, '')
 
     // redirect /__karma__ to /__karma__ (trailing slash)
@@ -110,13 +122,17 @@ var createKarmaMiddleware = function (filesPromise, serveStaticFile, serveFile,
       return filesPromise.then(function (files) {
         var fileServer
         var requestedFileUrl
+        log.debug('custom files', customContextFile, customDebugFile)
         if (isRequestingContextFile && customContextFile) {
+          log.debug('Serving customContextFile %s', customContextFile)
           fileServer = serveFile
           requestedFileUrl = customContextFile
         } else if (isRequestingDebugFile && customDebugFile) {
+          log.debug('Serving customDebugFile %s', customDebugFile)
           fileServer = serveFile
           requestedFileUrl = customDebugFile
         } else {
+          log.debug('Serving static request %s', requestUrl)
           fileServer = serveStaticFile
           requestedFileUrl = requestUrl
         }
@@ -197,9 +213,5 @@ var createKarmaMiddleware = function (filesPromise, serveStaticFile, serveFile,
   }
 }
 
-createKarmaMiddleware.$inject = ['filesPromise', 'serveStaticFile', 'serveFile',
-  'config.basePath', 'config.urlRoot', 'config.client', 'config.customContextFile',
-  'config.customDebugFile']
-
 // PUBLIC API
 exports.create = createKarmaMiddleware
diff --git a/lib/web-server.js b/lib/web-server.js
index dc200fd..1405032 100644
--- a/lib/web-server.js
+++ b/lib/web-server.js
@@ -55,6 +55,7 @@ var createWebServer = function (injector, emitter, fileList) {
 
   var proxyMiddlewareInstance = injector.invoke(proxyMiddleware.create)
 
+  log.debug('Instantiating middleware')
   var handler = connect()
     .use(injector.invoke(runnerMiddleware.create))
     .use(injector.invoke(stopperMiddleware.create))
"
no,no,no,"Multi-line edits and complex structural changes. The patch has 9 changed lines, so it is not considered repairable by simple mutation operators under the >4-line rule.",bid242,Karma,"diff --git a/lib/file-list.js b/lib/file-list.js
index 5cfc928..ca9c9e2 100644
--- a/lib/file-list.js
+++ b/lib/file-list.js
@@ -150,6 +150,7 @@ List.prototype._isRefreshing = function () {
 List.prototype._refresh = function () {
   var self = this
   var buckets = this.buckets
+  var matchedFiles = new Set()
 
   var promise = Promise.map(this._patterns, function (patternObject) {
     var pattern = patternObject.pattern
@@ -174,6 +175,12 @@ List.prototype._refresh = function () {
         return Promise.resolve()
       }
 
+      if (matchedFiles.has(path)) {
+        return Promise.resolve()
+      }
+
+      matchedFiles.add(path)
+
       var mtime = mg.statCache[path].mtime
       var doNotCache = patternObject.nocache
       var file = new File(path, mtime, doNotCache)
@@ -191,7 +198,7 @@ List.prototype._refresh = function () {
       files = _.compact(files)
 
       if (_.isEmpty(files)) {
-        log.warn('All files matched by ""%s"" were excluded.', pattern)
+        log.warn('All files matched by ""%s"" were excluded or matched by prior matchers.', pattern)
       } else {
         buckets.set(pattern, new Set(files))
       }
"
no,no,no,"Multi-line edits and complex structural changes. The patch has 9 changed lines, so it is not considered repairable by simple mutation operators under the >4-line rule.",bid243,Karma,"diff --git a/lib/preprocessor.js b/lib/preprocessor.js
index b7b1a41..88f3c67 100644
--- a/lib/preprocessor.js
+++ b/lib/preprocessor.js
@@ -1,9 +1,12 @@
+var path = require('path');
 var fs = require('graceful-fs');
 var crypto = require('crypto');
 var mm = require('minimatch');
 
 var log = require('./logger').create('preprocess');
 
+// TODO(vojta): extract get/create temp dir somewhere else (use the same for launchers etc)
+var TMP = process.env.TMPDIR || process.env.TMP || process.env.TEMP || '/tmp';
 
 var sha1 = function(data) {
   var hash = crypto.createHash('sha1');
@@ -20,6 +23,7 @@ var createPreprocessor = function(config, basePath, injector) {
     var preprocessors = [];
     var nextPreprocessor = function(content) {
       if (!preprocessors.length) {
+        file.contentPath = path.normalize(TMP + '/'  + sha1(file.path) + path.extname(file.path));
         return fs.writeFile(file.contentPath, content, function() {
           done();
         });
@@ -56,11 +60,6 @@ var createPreprocessor = function(config, basePath, injector) {
 
     if (preprocessors.length) {
       return fs.readFile(file.originalPath, function(err, buffer) {
-        // TODO(vojta): extract get/create temp dir somewhere else (use the same for launchers etc)
-        var env = process.env;
-        var tmp = env.TMPDIR || env.TMP || env.TEMP || '/tmp';
-        file.contentPath = tmp + '/'  + sha1(file.originalPath) + '.js';
-
         nextPreprocessor(buffer.toString());
       });
     }
"
no,no,no,"Multi-line edits and complex structural changes. The patch has 14 changed lines, so it is not considered repairable by simple mutation operators under the >4-line rule.",bid244,Karma,"diff --git a/lib/file-list.js b/lib/file-list.js
index db83167..55efeb0 100644
--- a/lib/file-list.js
+++ b/lib/file-list.js
@@ -73,13 +73,15 @@ var List = function (patterns, excludes, emitter, preprocess, batchInterval) {
   // Emit the `file_list_modified` event.
   // This function is debounced to the value of `batchInterval`
   // to avoid spamming the listener.
-  this._emitModified = _.debounce(function () {
+  this._emitModified = function () {
     self._emitter.emit('file_list_modified', self.files)
-  }, this._batchInterval, {
-    leading: false,
-    maxWait: 2000,
-    trailing: true
-  })
+
+    self._emitModified = _.throttle(function () {
+      self._emitter.emit('file_list_modified', self.files)
+    }, self._batchInterval, {
+      leading: false
+    })
+  }
 }
 
 // Private Interface
"
Import Statement Addition (AIS),AIS[],PIT and Major,"The patch adds an import or require statement. Therefore, it corresponds to Import Statement Addition.",bid245,Karma,"diff --git a/lib/file-list.js b/lib/file-list.js
index 228e3d1..64e25b4 100644
--- a/lib/file-list.js
+++ b/lib/file-list.js
@@ -13,6 +13,7 @@ var Promise = require('bluebird')
 var mm = require('minimatch')
 var Glob = require('glob').Glob
 var fs = Promise.promisifyAll(require('fs'))
+var pathLib = require('path')
 
 var File = require('./file')
 var Url = require('./url')
@@ -155,7 +156,7 @@ List.prototype._refresh = function () {
       return Promise.resolve()
     }
 
-    var mg = new Glob(pattern, GLOB_OPTS)
+    var mg = new Glob(pathLib.normalize(pattern), GLOB_OPTS)
     var files = mg.found
     buckets.set(pattern, new Set())
 
"
String Modification (SM),SM[],PIT and Major,"The patch modifies a string literal. Therefore, it corresponds to String Modification.",bid246,Karma,"diff --git a/lib/reporter.js b/lib/reporter.js
index fcde0ad..72754c4 100644
--- a/lib/reporter.js
+++ b/lib/reporter.js
@@ -25,7 +25,8 @@ var createErrorFormatter = function (config, emitter, SourceMapConsumer) {
     return null
   }
 
-  var URL_REGEXP = new RegExp('(?:https?:\\/\\/[^\\/\\s]*)?\\/?' +
+  var URL_REGEXP = new RegExp('(?:https?:\\/\\/' +
+    config.hostname + '(?:\\:' + config.port + ')?' + ')?\\/?' +
     '(base/|absolute)' + // prefix, including slash for base/ to create relative paths.
     '((?:[A-z]\\:)?[^\\?\\s\\:]*)' + // path
     '(\\?\\w*)?' + // sha
"
"Method call replacement(MCR), String modification(SM)","MCR[],SM[]",PIT and Major,"Multi-line edits and complex structural changes. The patch has 6 changed lines, so it is not considered repairable by simple mutation operators under the >4-line rule.",bid247,Shields,"diff --git a/lib/request-handler.js b/lib/request-handler.js
index 42e426e..4e63185 100644
--- a/lib/request-handler.js
+++ b/lib/request-handler.js
@@ -97,7 +97,7 @@ function handleRequest (handlerOptions) {
     // Use sindresorhus query-string because it sorts the keys, whereas the
     // builtin querystring module relies on the iteration order.
     const stringified = queryString.stringify(filteredQueryParams);
-    const cacheIndex = `match[0]?${stringified}`;
+    const cacheIndex = `${match[0]}?${stringified}`;
 
     // Should we return the data right away?
     const cached = requestCache.get(cacheIndex);
@@ -199,5 +199,7 @@ function clearRequestCache() {
 
 module.exports = {
   handleRequest,
-  clearRequestCache
+  clearRequestCache,
+  // Expose for testing.
+  _requestCache: requestCache
 };
"
no,no,no,"Multi-line edits and complex structural changes. The patch has 20 changed lines, so it is not considered repairable by simple mutation operators under the >4-line rule.",bid248,Shields,"diff --git a/lib/badge-data.js b/lib/badge-data.js
index 7d279c4..c7cf8bb 100644
--- a/lib/badge-data.js
+++ b/lib/badge-data.js
@@ -1,7 +1,6 @@
 'use strict';
 
 const logos = require('./load-logos')();
-const { isValidStyle } = require('./supported-features');
 
 function toArray(val) {
   if (val === undefined) {
@@ -94,7 +93,7 @@ function makeBadgeData(defaultLabel, overrides) {
   return {
     text: [makeLabel(defaultLabel, overrides), 'n/a'],
     colorscheme: 'lightgrey',
-    template: isValidStyle(overrides.style) ? overrides.style : 'default',
+    template: overrides.style,
     logo: makeLogo(undefined, overrides),
     logoWidth: +overrides.logoWidth,
     links: toArray(overrides.link),
@@ -106,7 +105,6 @@ function makeBadgeData(defaultLabel, overrides) {
 module.exports = {
   prependPrefix,
   isDataUri,
-  isValidStyle,
   isSixHex,
   makeLabel,
   makeLogo,
diff --git a/lib/make-badge.js b/lib/make-badge.js
index 2462866..b806970 100644
--- a/lib/make-badge.js
+++ b/lib/make-badge.js
@@ -111,7 +111,7 @@ function makeBadge (measurer, {
   }
 
   if (!(`${template}-${format}` in templates)) {
-    template = 'flat';
+    template = format === 'svg' ? 'flat' : 'default';
   }
   if (template === 'social') {
     text[0] = capitalize(text[0]);
diff --git a/lib/supported-features.js b/lib/supported-features.js
index 5f46954..28039e9 100644
--- a/lib/supported-features.js
+++ b/lib/supported-features.js
@@ -8,13 +8,6 @@ const advertisedStyles = [
   'social',
 ];
 
-const validStyles = advertisedStyles.concat(['default', '_shields_test']);
-
-function isValidStyle(style) {
-  return style ? validStyles.indexOf(style) >= 0 : false;
-}
-
 module.exports = {
-  advertisedStyles,
-  isValidStyle,
+  advertisedStyles
 };
diff --git a/server.js b/server.js
index 85b9d25..38bf9ea 100644
--- a/server.js
+++ b/server.js
@@ -53,7 +53,6 @@ const {
 } = require('./lib/color-formatters');
 const {
   makeColorB,
-  isValidStyle,
   isSixHex: sixHex,
   makeLabel: getLabel,
   makeLogo: getLogo,
@@ -8004,9 +8003,7 @@ function(data, match, end, ask) {
         badgeData.colorscheme = color;
       }
     }
-    if (isValidStyle(data.style)) {
-      badgeData.template = data.style;
-    }
+    badgeData.template = data.style;
     if (config.profiling.makeBadge) {
       console.time('makeBadge total');
     }
"
no,no,no,"Multi-line edits and complex structural changes. The patch has 32 changed lines, so it is not considered repairable by simple mutation operators under the >4-line rule.",bid249,Shields,"diff --git a/services/base.js b/services/base.js
index 43531c1..d60432f 100644
--- a/services/base.js
+++ b/services/base.js
@@ -87,6 +87,15 @@ module.exports = class BaseService {
     return result;
   }
 
+  async invokeHandler(namedParams) {
+    try {
+      return await this.handle(namedParams);
+    } catch (error) {
+      console.log(error);
+      return { message: 'error' };
+    }
+  }
+
   static _makeBadgeData(overrides, serviceData) {
     const {
       style,
@@ -122,7 +131,7 @@ module.exports = class BaseService {
       links: toArray(overrideLink || serviceLink),
       colorA: makeColor(overrideColorA),
     };
-    const color = makeColor(overrideColorB || serviceColor || defaultColor || 'lightgrey');
+    const color = overrideColorB || serviceColor || defaultColor || 'lightgrey';
     setBadgeColor(badgeData, color);
 
     return badgeData;
@@ -133,24 +142,15 @@ module.exports = class BaseService {
 
     camp.route(this._regex,
     handleRequest(async (queryParams, match, sendBadge, request) => {
-      let serviceData;
-
-      try {
-        const namedParams = this._namedParamsForMatch(match);
-        const serviceInstance = new serviceClass({
-          sendAndCacheRequest: request.asPromise,
-        });
-        serviceData = await serviceInstance.handle(namedParams);
-      } catch (error) {
-        serviceData = { message: 'error' };
-        console.log(error);
-      }
+      const namedParams = this._namedParamsForMatch(match);
+      const serviceInstance = new serviceClass({
+        sendAndCacheRequest: request.asPromise,
+      });
+      const serviceData = await serviceInstance.invokeHandler(namedParams);
+      const badgeData = this._makeBadgeData(queryParams, serviceData);
 
       // Assumes the final capture group is the extension
       const format = match.slice(-1)[0];
-
-      const badgeData = this._makeBadgeData(queryParams, serviceData);
-
       sendBadge(format, badgeData);
     }));
   }
"
no,no,no,"Multi-line edits and complex structural changes. The patch has 8 changed lines, so it is not considered repairable by simple mutation operators under the >4-line rule.",bid250,Shields,"diff --git a/lib/make-badge.js b/lib/make-badge.js
index 08a36b5..6bd3a51 100644
--- a/lib/make-badge.js
+++ b/lib/make-badge.js
@@ -95,8 +95,8 @@ function makeBadge (data) {
     data.template = 'flat';
   }
   if (data.template === 'for-the-badge'){
-    data.text[0] = data.text[0].toUpperCase();
-    data.text[1] = data.text[1].toUpperCase();
+    data.text[0] = ('' + data.text[0]).toUpperCase();
+    data.text[1] = ('' + data.text[1]).toUpperCase();
   }
   if (data.colorscheme) {
     let pickedColorscheme = colorscheme[data.colorscheme];
diff --git a/templates/for-the-badge-template.svg b/templates/for-the-badge-template.svg
index 34a1358..76ebb8e 100644
--- a/templates/for-the-badge-template.svg
+++ b/templates/for-the-badge-template.svg
@@ -7,8 +7,8 @@
     {{?it.logo}}
       <image x=""9"" y=""7"" width=""{{=it.logoWidth}}"" height=""14"" xlink:href=""{{=it.logo}}""/>
     {{?}}
-    <text x=""{{=((it.widths[0]+it.logoWidth+it.logoPadding)/2)*10}}"" y=""175"" transform=""scale(0.1)"" textLength=""{{=(it.widths[0]-(24+it.logoWidth+it.logoPadding))*10}}"" lengthAdjust=""spacing"">{{=it.escapeXml(it.text[0].toUpperCase())}}</text>
-    <text x=""{{=(it.widths[0]+it.widths[1]/2)*10}}"" y=""175"" font-weight=""bold"" transform=""scale(0.1)"" textLength=""{{=(it.widths[1]-24)*10}}"" lengthAdjust=""spacing"">{{=it.escapeXml(it.text[1].toUpperCase())}}</text>
+    <text x=""{{=((it.widths[0]+it.logoWidth+it.logoPadding)/2)*10}}"" y=""175"" transform=""scale(0.1)"" textLength=""{{=(it.widths[0]-(24+it.logoWidth+it.logoPadding))*10}}"" lengthAdjust=""spacing"">{{=it.escapeXml(it.text[0])}}</text>
+    <text x=""{{=(it.widths[0]+it.widths[1]/2)*10}}"" y=""175"" font-weight=""bold"" transform=""scale(0.1)"" textLength=""{{=(it.widths[1]-24)*10}}"" lengthAdjust=""spacing"">{{=it.escapeXml(it.text[1])}}</text>
   </g>
   {{?(it.links[0] && it.links[0].length)}}
     <a xlink:href=""{{=it.links[0]}}"">
"
